query_id,gallery_id,confidence
486dd80d22f94a5496b3e670b19399a7,,
9e1bede2ba464377897f1d482b7c49ae,,
a1595c1d280449abbff7742dcdc90b72,,
58c2bd09ab0c4a56ad05b91a3de36417,,
4d5ef36361734ccdae5d52098bf0123f,,
4d78e6316a014332815f66e59a8a4099,,
4e7bd3e813564642929978bfa51f30c7,,
f25af2430f9345bebb1d841e5867c08d,,
44b22297fb9049d682c5ca2921bfc8fa,,
115a8b58da1343fd928c9b8e89d40878,,
dcb5bc6262f24669a59aadae1fe8a9c6,,
16bb236a08d141388ef98f19a4ca335b,0accd1d0138b49049d437c0d9b1c23c3,0.5340
16bb236a08d141388ef98f19a4ca335b,35d06fce2df446569702778e2250bd82,0.3792
16bb236a08d141388ef98f19a4ca335b,e7ee85dd47ca43eeb2fdcd70b802f0ec,0.3430
6bb81302398a41f3a58838ff31bdb0f8,0accd1d0138b49049d437c0d9b1c23c3,0.5524
6bb81302398a41f3a58838ff31bdb0f8,35d06fce2df446569702778e2250bd82,0.3991
6bb81302398a41f3a58838ff31bdb0f8,e7ee85dd47ca43eeb2fdcd70b802f0ec,0.3532
efa58554232841b693eb71ccc7417f3d,57bcda73abab44ee930b20cdaee9d24b,0.5472
efa58554232841b693eb71ccc7417f3d,b3a022950e444682a113cec5a0537f6a,0.3436
9b715a377ba548f682027f97bfd90fef,57bcda73abab44ee930b20cdaee9d24b,0.5493
9b715a377ba548f682027f97bfd90fef,b3a022950e444682a113cec5a0537f6a,0.3231
1423a1c6689d4577818b5aa7d4dce019,ef511457ee7c490c8e10eccf6e18fef6,0.4084
dd907a79f4e744e2851eafcd9227e602,dd36cc0867b94d55a43b82c1c9a0e95c,0.8181
dd907a79f4e744e2851eafcd9227e602,74de04f31db94a99b757685c91779412,0.4156
dd907a79f4e744e2851eafcd9227e602,31a2675a2e944a1ab3b810cfb92ebd34,0.3287
7c541d4fc72e49c0ab64a3c1d0fd1c08,dd36cc0867b94d55a43b82c1c9a0e95c,0.7156
7c541d4fc72e49c0ab64a3c1d0fd1c08,74de04f31db94a99b757685c91779412,0.3815
518c046dd36b449fab3f0ffe249b1282,898eabaaa1a047e18aecbb1c5a8decbf,0.4342
518c046dd36b449fab3f0ffe249b1282,10b152bdafe94db8a93f7c374226a071,0.3693
518c046dd36b449fab3f0ffe249b1282,7f5b658239034d35b7f4cf1c63cb388c,0.3608
623639be18e04aeba2e0129efe84aab8,b83013f4c5524232814efa0f8651867f,0.3909
623639be18e04aeba2e0129efe84aab8,10b152bdafe94db8a93f7c374226a071,0.3347
623639be18e04aeba2e0129efe84aab8,898eabaaa1a047e18aecbb1c5a8decbf,0.3275
12c13948584341d6a5e45dde227253f8,898eabaaa1a047e18aecbb1c5a8decbf,0.4423
12c13948584341d6a5e45dde227253f8,7f5b658239034d35b7f4cf1c63cb388c,0.3738
12c13948584341d6a5e45dde227253f8,10b152bdafe94db8a93f7c374226a071,0.3706
12c13948584341d6a5e45dde227253f8,27fe100af7884932a33bf30f10dacc55,0.3483
4d070f30ba5d4a11b0b78073f47f11a8,b83013f4c5524232814efa0f8651867f,0.3685
4d070f30ba5d4a11b0b78073f47f11a8,10b152bdafe94db8a93f7c374226a071,0.3496
4d070f30ba5d4a11b0b78073f47f11a8,40f040fd5c824c8e8e710af1fdf70b5f,0.3386
a376e7d651454d5490a6836fdcfbb986,ce4fdd5499f8498793c11e586f7da70c,0.4174
a376e7d651454d5490a6836fdcfbb986,1aaf8edc37ea412b85e3d1b5c5317051,0.3476
127639f543af45dba72da3cecff7c65a,ce4fdd5499f8498793c11e586f7da70c,0.8654
127639f543af45dba72da3cecff7c65a,da61d9bc8f024a4aba18d5c3072b7838,0.4923
127639f543af45dba72da3cecff7c65a,1aaf8edc37ea412b85e3d1b5c5317051,0.4788
127639f543af45dba72da3cecff7c65a,c3f66637872c4141ab3898296739457d,0.3372
c91c2c649312417aa86fe0975f437d9f,ce4fdd5499f8498793c11e586f7da70c,0.8931
c91c2c649312417aa86fe0975f437d9f,da61d9bc8f024a4aba18d5c3072b7838,0.5126
c91c2c649312417aa86fe0975f437d9f,1aaf8edc37ea412b85e3d1b5c5317051,0.4908
c91c2c649312417aa86fe0975f437d9f,c3f66637872c4141ab3898296739457d,0.3724
c91c2c649312417aa86fe0975f437d9f,93dc50abd35349f7923100dca2f41002,0.3406
c91c2c649312417aa86fe0975f437d9f,eee7f32249c5452ea36c8ed3a3540010,0.3267
06975950c6134fdfb4b0ed6a5cf0a50d,ce4fdd5499f8498793c11e586f7da70c,0.4003
8b60f7f0b86c4168ad03970ab04f5e6f,6b4676aba2a746b3ab778315afc8ee82,0.5968
8b60f7f0b86c4168ad03970ab04f5e6f,e2769c67dadd4c988f7ccf249a998a56,0.4267
514ebe94b40c403482de042102289b46,6b4676aba2a746b3ab778315afc8ee82,0.6005
514ebe94b40c403482de042102289b46,e2769c67dadd4c988f7ccf249a998a56,0.4523
543ddcbf2bd941a58120dad59c45ceb0,51c6049a18b84ee381d0512e40b67c0e,0.6280
543ddcbf2bd941a58120dad59c45ceb0,e2769c67dadd4c988f7ccf249a998a56,0.3775
107e548bacc844d38e74d9d3d4c6daef,f12e9e5805534d719f829332d1ea5d29,0.3366
107e548bacc844d38e74d9d3d4c6daef,f1c9c5051bdd4a11a064260bbb9d6d7b,0.3246
2b96b856fb814e1ea13121869bdfba59,f1c9c5051bdd4a11a064260bbb9d6d7b,0.3382
2b96b856fb814e1ea13121869bdfba59,7226603f024c45c6a6e44b00e52e8aad,0.3350
b2bd2aeb78c846db8046a83ff0fa2cd1,f1c9c5051bdd4a11a064260bbb9d6d7b,0.3547
b2bd2aeb78c846db8046a83ff0fa2cd1,7226603f024c45c6a6e44b00e52e8aad,0.3385
dba7a96eede9465fb56a4f743a85c9c0,7226603f024c45c6a6e44b00e52e8aad,0.8520
dba7a96eede9465fb56a4f743a85c9c0,f1c9c5051bdd4a11a064260bbb9d6d7b,0.3864
dba7a96eede9465fb56a4f743a85c9c0,f12e9e5805534d719f829332d1ea5d29,0.3855
95a37fbd9d724d448e13f4ffabbe0274,eee7f32249c5452ea36c8ed3a3540010,0.3857
95a37fbd9d724d448e13f4ffabbe0274,ce4fdd5499f8498793c11e586f7da70c,0.3411
95a37fbd9d724d448e13f4ffabbe0274,da61d9bc8f024a4aba18d5c3072b7838,0.3273
e365a82950b3437a9ffd8bbebb0713a8,eee7f32249c5452ea36c8ed3a3540010,0.4038
e365a82950b3437a9ffd8bbebb0713a8,ce4fdd5499f8498793c11e586f7da70c,0.3457
e365a82950b3437a9ffd8bbebb0713a8,da61d9bc8f024a4aba18d5c3072b7838,0.3291
5fe3bf5786b54f9f8d85861573fc9d2f,6fc7a2cf0684475a82f6ff9be2c8e850,0.3549
be8193e46ed74126aa2fa3bd4d20feb7,8683a3ad55d84a78834fabe20cde5269,0.6773
be8193e46ed74126aa2fa3bd4d20feb7,4e4495962a9b4864882397042f1a2b3e,0.5438
be8193e46ed74126aa2fa3bd4d20feb7,78809cb3c6b841a9b8b132133dd6bb96,0.3613
0d39327b000c4d44854a7870268edacc,,
e0e982cb170f440b970c9d9d1946f9dd,4e4495962a9b4864882397042f1a2b3e,0.3520
e0e982cb170f440b970c9d9d1946f9dd,8683a3ad55d84a78834fabe20cde5269,0.3413
e0249c6a39824516a1c3d7d3d47dfde9,4e4495962a9b4864882397042f1a2b3e,0.7765
e0249c6a39824516a1c3d7d3d47dfde9,8683a3ad55d84a78834fabe20cde5269,0.5085
e0249c6a39824516a1c3d7d3d47dfde9,78809cb3c6b841a9b8b132133dd6bb96,0.3874
1c0381823ed0499e8e96e4cfd8b9a64a,ff51ca928cd54f4da620c27983e221f8,0.5275
1c0381823ed0499e8e96e4cfd8b9a64a,63eab812f3254cccb9631b09725aec3d,0.3765
2282d8cf50554304ab195b1a53c7d9f3,6dc5832f0ac04df2bd99c6415b3ecf09,0.6830
c4f8a865ba2744e0b7c4701468c16ca4,6dc5832f0ac04df2bd99c6415b3ecf09,0.4779
2f5d7dabbac54943ab9522573ada0736,f9fe93fae6084350b81964d354e2130f,0.4997
3d2b131349684742968cd2b214a13f76,01bbbf1caa554d94b5decb69cc1add41,0.3589
e542409acd694eab90192399d89ccb4c,f9fe93fae6084350b81964d354e2130f,0.4128
317db6fcd5d1443fb6271acc6ec8fe3e,01bbbf1caa554d94b5decb69cc1add41,0.3691
b0553ed82597421aabe852652c5915d7,174581fc299840e18e827432c0cce4dc,0.3936
8c59bfc1aa7b42cf882806e395ee4fec,174581fc299840e18e827432c0cce4dc,0.4067
deb7d97e50b24c63943a8af997d083f8,174581fc299840e18e827432c0cce4dc,0.3462
8ffc24d118e54740a39563141f642fd9,174581fc299840e18e827432c0cce4dc,0.3747
ff75e5d8a9bb46c9b12855ec33529f3f,d53fa54d5536463ab0d87648dfc5fd78,0.4197
c2b4fed7ce5c4e108721e62f2bfbb819,33b5e2ae5ebe4f548bac3a00ab0a59eb,0.9012
c2b4fed7ce5c4e108721e62f2bfbb819,6c79712e67b54dd0a11d426a91207939,0.3502
ab1c9263088b477082ee7d7c6f73b671,33b5e2ae5ebe4f548bac3a00ab0a59eb,0.8015
ab1c9263088b477082ee7d7c6f73b671,6c79712e67b54dd0a11d426a91207939,0.3403
54e5b71847024cdaa9fd8a7d3fc3ea03,5363ae1c905d4879a63259de4954702e,0.7431
54e5b71847024cdaa9fd8a7d3fc3ea03,295d0d40791245ff838c73a2aa27d065,0.4383
54e5b71847024cdaa9fd8a7d3fc3ea03,33b5e2ae5ebe4f548bac3a00ab0a59eb,0.3603
f124583fb5cc42aa903308e1b43296de,5363ae1c905d4879a63259de4954702e,0.7486
f124583fb5cc42aa903308e1b43296de,295d0d40791245ff838c73a2aa27d065,0.4263
f124583fb5cc42aa903308e1b43296de,33b5e2ae5ebe4f548bac3a00ab0a59eb,0.3560
d97ddb9bd5c8460ab3b3a13992c1f179,a35d7304347a4f81b1ccfb086956921c,0.4084
d97ddb9bd5c8460ab3b3a13992c1f179,e6afe89ff7bc491193141c057083d8a8,0.3254
3bb97a2804c84688a699e6d6b97b5e9d,a35d7304347a4f81b1ccfb086956921c,0.4629
929038d5c3ba4b189fc88a3b127ede72,a35d7304347a4f81b1ccfb086956921c,0.4121
929038d5c3ba4b189fc88a3b127ede72,e6afe89ff7bc491193141c057083d8a8,0.3236
1d36cd75ee6a4691965cfc6ebdef6a3e,b675be39e8ff421aa59811f146da945b,0.4564
1d36cd75ee6a4691965cfc6ebdef6a3e,2f0401170d104b47b0a8f087f69dee88,0.4088
7baf188fc4ed41ba826b499b6d495286,f92d16d3a970487094292439c3e00923,0.8433
7baf188fc4ed41ba826b499b6d495286,b675be39e8ff421aa59811f146da945b,0.4936
7baf188fc4ed41ba826b499b6d495286,2f0401170d104b47b0a8f087f69dee88,0.4768
7baf188fc4ed41ba826b499b6d495286,a35d7304347a4f81b1ccfb086956921c,0.3254
7baf188fc4ed41ba826b499b6d495286,0433768f874042a5b2d2e37ad9deae13,0.3221
6a314fb4bd0e4c2097e70bd43a81fbb7,87fc1d6a57ea488786caaec8599c3b8b,0.5394
9ae6df3c8f2549109316a434d1741a53,87fc1d6a57ea488786caaec8599c3b8b,0.5038
2a8e892e4b784abf8fb9fd55fa443335,797cc520b8c94d9bbef187818ab51647,0.4888
2a8e892e4b784abf8fb9fd55fa443335,a7077a82d2c74518b96fb45e35f6e150,0.3395
1ac66b061b80428b8b3758bc6dfa066b,797cc520b8c94d9bbef187818ab51647,0.5155
1ac66b061b80428b8b3758bc6dfa066b,a7077a82d2c74518b96fb45e35f6e150,0.3401
0d4bb3432ea544988cf3bb308b46c8c8,,
2b4cf2ff830e462d96c8cfbcee5669da,,
2390c8a3de9e49be9617b01f4f21dfa9,,
e37905b36c44400c9dc7bc0c71a6db51,6f57d1175ad243edada61643d01fcd54,0.4712
e37905b36c44400c9dc7bc0c71a6db51,fadf133e0e684a24ac79b5fa9515bac2,0.4534
e37905b36c44400c9dc7bc0c71a6db51,7ec1584e9a5b49eab9ef249143d9bb86,0.3345
a9bb430482a1442a958b35a625eecb97,6f57d1175ad243edada61643d01fcd54,0.8146
a9bb430482a1442a958b35a625eecb97,7ec1584e9a5b49eab9ef249143d9bb86,0.4547
a9bb430482a1442a958b35a625eecb97,0bd1cce9370a461089e25393086800a8,0.4339
a9bb430482a1442a958b35a625eecb97,39e2b00e1cbd471488cf56f31d2cec7f,0.3699
62c71ed913414a6f9456293a4c566314,6f57d1175ad243edada61643d01fcd54,0.4720
62c71ed913414a6f9456293a4c566314,fadf133e0e684a24ac79b5fa9515bac2,0.4641
62c71ed913414a6f9456293a4c566314,225818abe99e45a0bf5b0b3ec30db76b,0.3568
c647312353a84341a92cd4486a8b9c3e,6f57d1175ad243edada61643d01fcd54,0.8048
c647312353a84341a92cd4486a8b9c3e,7ec1584e9a5b49eab9ef249143d9bb86,0.4956
c647312353a84341a92cd4486a8b9c3e,0bd1cce9370a461089e25393086800a8,0.4308
c647312353a84341a92cd4486a8b9c3e,39e2b00e1cbd471488cf56f31d2cec7f,0.3482
c647312353a84341a92cd4486a8b9c3e,df5ca61304074da1bec8f536ab50baf3,0.3248
cc3afd20f236454a8f3a9ff08992daab,29088685e31a4d86b60b514e98117361,0.7232
cc3afd20f236454a8f3a9ff08992daab,65e52d14d4d64d4fbad3de6ad319e745,0.3765
1e1ec51c4cb84f3285f79f7aeb252500,65e52d14d4d64d4fbad3de6ad319e745,0.8450
1e1ec51c4cb84f3285f79f7aeb252500,29088685e31a4d86b60b514e98117361,0.4430
1e1ec51c4cb84f3285f79f7aeb252500,e96fae6d607246b18b8494aabe521036,0.3687
1e1ec51c4cb84f3285f79f7aeb252500,6fbdacd3d8814ea2a13e81ee1ec128f2,0.3443
082920d4f79f4c5eb2e805b195ac3e89,65e52d14d4d64d4fbad3de6ad319e745,0.8070
082920d4f79f4c5eb2e805b195ac3e89,29088685e31a4d86b60b514e98117361,0.4337
082920d4f79f4c5eb2e805b195ac3e89,e96fae6d607246b18b8494aabe521036,0.3714
082920d4f79f4c5eb2e805b195ac3e89,6fbdacd3d8814ea2a13e81ee1ec128f2,0.3353
759985fc2dc4496abbc7fe23cf71706f,e96fae6d607246b18b8494aabe521036,0.6706
759985fc2dc4496abbc7fe23cf71706f,65e52d14d4d64d4fbad3de6ad319e745,0.3821
759985fc2dc4496abbc7fe23cf71706f,f0084465b2e646c9a53d9dc766067d9b,0.3342
a1b386e9b08e402dba0d820140ba1a00,e96fae6d607246b18b8494aabe521036,0.6602
a1b386e9b08e402dba0d820140ba1a00,65e52d14d4d64d4fbad3de6ad319e745,0.4225
0fed5c48002b4dd1b3ce42653a372fe6,,
5b5008e2d4f7492abe1ff44e2e3e754b,,
8e431e5ca5dd49a8984118e7fb05d12e,,
142af56a899c43098ec79a3f762d09b6,,
9f14363158ef49309f13b2aa0692d2a9,0568345606fa4a2c84ed4ea6c74639ee,0.3459
9f14363158ef49309f13b2aa0692d2a9,d87e5facd03b45f9829e8a1cd0fe0190,0.3280
ebd3c9006cf5464190f7a5edca24f0ba,0568345606fa4a2c84ed4ea6c74639ee,0.3432
ebd3c9006cf5464190f7a5edca24f0ba,d87e5facd03b45f9829e8a1cd0fe0190,0.3348
0135e10058cf48aa847fa399f62df6f4,,
2e9dbf0f864548ae8bc35b5c0d70934e,c2a665cec90e46db8d2a74389beb4649,0.5484
2e9dbf0f864548ae8bc35b5c0d70934e,27a67d3e76814297aebf64e03d14c336,0.3728
2e9dbf0f864548ae8bc35b5c0d70934e,52f20bd7eb50430c95f0916727880a1b,0.3552
1db84228548c42318f1a33456931f361,b3f8b4bec0164d0e81997b4f5a277e8f,0.5645
1db84228548c42318f1a33456931f361,27a67d3e76814297aebf64e03d14c336,0.4954
1db84228548c42318f1a33456931f361,52f20bd7eb50430c95f0916727880a1b,0.4750
1db84228548c42318f1a33456931f361,e8c8742459dc48a49080bf0e5b3fdee0,0.3415
1b5bba6ae5ff4f568094280de0bf2c1b,b3f8b4bec0164d0e81997b4f5a277e8f,0.5701
1b5bba6ae5ff4f568094280de0bf2c1b,27a67d3e76814297aebf64e03d14c336,0.5129
1b5bba6ae5ff4f568094280de0bf2c1b,52f20bd7eb50430c95f0916727880a1b,0.4805
1b5bba6ae5ff4f568094280de0bf2c1b,e8c8742459dc48a49080bf0e5b3fdee0,0.3732
7265c466b8cf411cb462945d3ceb8145,c2a665cec90e46db8d2a74389beb4649,0.4937
7265c466b8cf411cb462945d3ceb8145,b3f8b4bec0164d0e81997b4f5a277e8f,0.4469
7265c466b8cf411cb462945d3ceb8145,27a67d3e76814297aebf64e03d14c336,0.4064
7265c466b8cf411cb462945d3ceb8145,52f20bd7eb50430c95f0916727880a1b,0.3364
bca392563d0a45d594ce43a0c540b7c9,86179aff3df24ff59b11e9a34974a3f4,0.3770
bca392563d0a45d594ce43a0c540b7c9,b6da55bea1244cf0a753b258420946b2,0.3671
bb39e720d9cf4df1a19e4ab20285bf18,68aefc97056440af874039a28497cf98,0.3765
bb39e720d9cf4df1a19e4ab20285bf18,b6da55bea1244cf0a753b258420946b2,0.3567
5c427d65b21d4bf387d1885f334834c7,b6da55bea1244cf0a753b258420946b2,0.9848
5c427d65b21d4bf387d1885f334834c7,86179aff3df24ff59b11e9a34974a3f4,0.3653
5c427d65b21d4bf387d1885f334834c7,68aefc97056440af874039a28497cf98,0.3563
141cab6e49204199a8fb74a74fa8165a,86179aff3df24ff59b11e9a34974a3f4,0.3798
141cab6e49204199a8fb74a74fa8165a,b6da55bea1244cf0a753b258420946b2,0.3620
7f90d0a672a44046bdf2443f14b82cb9,9677dd2a3aae457a8079087ce4177e14,0.7140
06aa6a2cf00d425998b1a815f23a0094,74bd120b8f714d03bc9dd1a703fe4d7f,0.6925
54a2df3aa63a483b8e33322f74c34dbf,9677dd2a3aae457a8079087ce4177e14,0.7476
54a2df3aa63a483b8e33322f74c34dbf,74bd120b8f714d03bc9dd1a703fe4d7f,0.5902
e2d1cdb4f95c4f47bb20f91e77f469f2,9677dd2a3aae457a8079087ce4177e14,0.6573
4a483247df4540a9badb4a94f17d7760,02641488de414b72b63f62b40200b101,0.4947
4a483247df4540a9badb4a94f17d7760,6bedb2d6ace34e18811b7f1206b2d1b0,0.3429
ca37d7b02d7542a0bea6535a0d193dbc,02641488de414b72b63f62b40200b101,0.5648
ada916d5f8044eba9ac39c104e27f797,6bedb2d6ace34e18811b7f1206b2d1b0,0.5365
985e9b4be1fa45b19b48cbd6b1d37764,6bedb2d6ace34e18811b7f1206b2d1b0,0.5439
7b7e0d3f38a3435a83b8d6fb5aba99ba,5cf392f15360460bae6a6b0182bb99b9,0.4649
7b7e0d3f38a3435a83b8d6fb5aba99ba,aedd476072b345e9be46ebd7260e93a6,0.4381
7b7e0d3f38a3435a83b8d6fb5aba99ba,812a1568c77d46e695f8eb7357e24a0e,0.3613
acbc17523c034d799301828aef6ae58f,812a1568c77d46e695f8eb7357e24a0e,0.5992
acbc17523c034d799301828aef6ae58f,5cf392f15360460bae6a6b0182bb99b9,0.4001
acbc17523c034d799301828aef6ae58f,4d0a737f396d4a95808085bd1306746c,0.3789
68f05d38644e4af6a8b6cb1bef20c57a,aedd476072b345e9be46ebd7260e93a6,0.3730
68f05d38644e4af6a8b6cb1bef20c57a,5cf392f15360460bae6a6b0182bb99b9,0.3676
e34f7090730d4eaa871618aa8bb5627d,5cf392f15360460bae6a6b0182bb99b9,0.7158
e34f7090730d4eaa871618aa8bb5627d,812a1568c77d46e695f8eb7357e24a0e,0.4128
e34f7090730d4eaa871618aa8bb5627d,f6061b71031b4ddb9384f86c103690a4,0.3329
aff084577eae48fca44757575b1848bc,4d0a737f396d4a95808085bd1306746c,0.5464
aff084577eae48fca44757575b1848bc,5cf392f15360460bae6a6b0182bb99b9,0.4795
aff084577eae48fca44757575b1848bc,f6061b71031b4ddb9384f86c103690a4,0.3574
f4763c7dac494231ae593878b63b4961,,
adabb6bfc633432cab9ab674c1e0f975,590df34aa41f46e9ad13ffc6a98da3b7,0.3813
f9d7f4db082c4389a2bdcc19d6d92cba,590df34aa41f46e9ad13ffc6a98da3b7,0.3719
32ae3069da404e6f843cbd95fa018a71,,
605d42bbb0154c76b70114f63b807951,30c71719aed84c07ae21d0eff0deed72,0.5236
605d42bbb0154c76b70114f63b807951,8889c114b071429cbe2418f5b0f2024b,0.4746
605d42bbb0154c76b70114f63b807951,01ffceddb5b34406a08bb982b424b3cf,0.3699
19805d9c7c944703bb05511bc3145812,8889c114b071429cbe2418f5b0f2024b,0.4343
4ed65c954d584e13a9e98e27808e0c6a,a94cb58f1ca8456b96e39b5b1ebfb7ea,0.4949
9d58ebfc8b864b49a9c970a667fff950,8889c114b071429cbe2418f5b0f2024b,0.4452
5e1395d13dc84b8abd6f0452e25b3a7f,30c71719aed84c07ae21d0eff0deed72,0.4611
df7a79cf083f40ca846761b9760fc72f,,
489108f0d3474ebb97eeace77d5bcece,,
9cd6d1191c914787875042fd76df0c35,70aa10580bfe4069bdaa5721ae2d29db,0.5266
9cd6d1191c914787875042fd76df0c35,408ae6a767874fc782467ec2f054ad15,0.5170
9cd6d1191c914787875042fd76df0c35,a0408a6462b24cf18e50a8616359d5ad,0.3852
77f7e4ffce974b33ab54c80177a1c9c0,8746ae2ca7514699b629b4d9b5fe95a7,0.4163
77f7e4ffce974b33ab54c80177a1c9c0,878e5c41be5c477e9f660ca361fdd727,0.3324
77f7e4ffce974b33ab54c80177a1c9c0,408ae6a767874fc782467ec2f054ad15,0.3228
27af2d56825b4ded843852cb1cbe3494,70aa10580bfe4069bdaa5721ae2d29db,0.4851
27af2d56825b4ded843852cb1cbe3494,408ae6a767874fc782467ec2f054ad15,0.4722
27af2d56825b4ded843852cb1cbe3494,a0408a6462b24cf18e50a8616359d5ad,0.3645
7a09c2cc2bcd4fbb8b083d6f02a88232,8746ae2ca7514699b629b4d9b5fe95a7,0.3726
c0ff951246c54333b756315834f32971,,
7d8239bb435749bdaaba93674e4c0b98,632cc2bc04034dd4848855fe6497262d,0.5800
7d8239bb435749bdaaba93674e4c0b98,f8856799293e49feab6368e794eb8b00,0.4262
7d8239bb435749bdaaba93674e4c0b98,9fd4c00672d84215b3e21812aef3d6ac,0.3470
ae918c8fd007427fbc53dbaff23eddbe,632cc2bc04034dd4848855fe6497262d,0.5860
ae918c8fd007427fbc53dbaff23eddbe,f8856799293e49feab6368e794eb8b00,0.4703
ae918c8fd007427fbc53dbaff23eddbe,91f9f8576e5142a49926bd623b0bc19c,0.3428
b30bc5f593ba46bc8b6fa26692576484,a9573f188204436090fb4a5240e4eccd,0.3854
91d18daf6bae44789d31014e55bdf5b2,,
8b8fe37d85da4a28a5c27452a42435e6,ba8d0208e32e42969bd4349cf24f6ed1,0.5123
8b8fe37d85da4a28a5c27452a42435e6,4d5cbe57c3094d01843e4f950a280b50,0.4260
8b8fe37d85da4a28a5c27452a42435e6,d0e41bf891254ba0872f1641139f84f6,0.3467
8b8fe37d85da4a28a5c27452a42435e6,f7f600880b064920ab59b907d26aedc6,0.3447
a222b9dea1384b57ad0fae45ff950737,ba8d0208e32e42969bd4349cf24f6ed1,0.5924
a222b9dea1384b57ad0fae45ff950737,4d5cbe57c3094d01843e4f950a280b50,0.4144
a222b9dea1384b57ad0fae45ff950737,d0e41bf891254ba0872f1641139f84f6,0.3881
a222b9dea1384b57ad0fae45ff950737,da14e9dc2c3d4963b725de8102de5028,0.3539
a222b9dea1384b57ad0fae45ff950737,d9096650c434432c871effeca9acd5c6,0.3499
043d64050fe145349300b95379966923,f2cfa68a47ce4a43a0fe1cc7dc860418,0.3636
ab8935721e0240089dafee6f408c220a,a055f8188384479a8bad418f7dffd9a5,0.7538
ab8935721e0240089dafee6f408c220a,d9096650c434432c871effeca9acd5c6,0.3928
ab8935721e0240089dafee6f408c220a,da14e9dc2c3d4963b725de8102de5028,0.3774
ab8935721e0240089dafee6f408c220a,ba8d0208e32e42969bd4349cf24f6ed1,0.3632
00d0f767535a4289833325887d72e3d2,f2cfa68a47ce4a43a0fe1cc7dc860418,0.3878
1d0c8e601ffb4534a871d984ad842a4f,ba8d0208e32e42969bd4349cf24f6ed1,0.3434
1d0c8e601ffb4534a871d984ad842a4f,da14e9dc2c3d4963b725de8102de5028,0.3377
ebd87dca48ae4df38943cc6f9b4f2912,5c8a8b7a59c54b9aa7b7136fd91b5869,0.8013
558c6735b6104bc98ca4b2db381640fe,5c8a8b7a59c54b9aa7b7136fd91b5869,0.3436
6064cb0ed7d64bde866fe6ad42b6ede6,8fca2e4873e946f7a788af2b846cebd7,0.3863
6064cb0ed7d64bde866fe6ad42b6ede6,da88fa5efc674368b593444ca950dff9,0.3277
cf344978d7a04303b41fa8b37a18c300,5c8a8b7a59c54b9aa7b7136fd91b5869,0.3305
e8f38f28c61d4444ba078fe27ebcbc24,9094e936e13641cc9bfcc7dc1408d86e,0.9725
4ec003b24cdc4b138166c6b304000312,,
7a0163f3c4484730b1f7324ebf67cd09,,
4950b6a47e8e44f8bbb0aac7868f4b36,,
4c620d71caf444eb9f723cc29094dcc2,,
1852c13dfd984c51bfb11e6364bf47ba,,
0e088d9c189b42fba49c31c41949bba8,37ae696e40dd42ebb4738722daa3c523,0.6554
0e088d9c189b42fba49c31c41949bba8,bf789f42ccfc42c5a330a3f6e30ddb83,0.5069
46422438d0644a1cb590332f27fe002e,37ae696e40dd42ebb4738722daa3c523,0.5115
968aaed29a304ba7b1a1990450602307,bf789f42ccfc42c5a330a3f6e30ddb83,0.5261
f3e1733712aa449e916483279ed84027,37ae696e40dd42ebb4738722daa3c523,0.5119
4fa08d976269478fa124bfa62b83982f,ee89670285c74e27aa174dadf39fbca7,0.3948
4fa08d976269478fa124bfa62b83982f,e2769c67dadd4c988f7ccf249a998a56,0.3210
d9a90abcdd1d474ba4dc176d544afc6e,ee89670285c74e27aa174dadf39fbca7,0.3972
a340c00c29c84c2e841e61bba8c9b67b,e511c40ca6324803b5021e47b4e777f8,0.3706
a340c00c29c84c2e841e61bba8c9b67b,89e983dca0a34b768e17b3871b9cea1e,0.3320
a340c00c29c84c2e841e61bba8c9b67b,ca0fe2dd97434e2ca7aecc38d4f1fcd9,0.3278
ee8c72e038f140a5bc9cb4770711253a,,
fcf7329cd9b742bd82f6e3c42cb5139d,,
1a24459300a447d3a68d04bf7b154891,643fbbdd6b764ba9904a4ee67a86b9fd,0.5706
1a24459300a447d3a68d04bf7b154891,89e983dca0a34b768e17b3871b9cea1e,0.4641
1a24459300a447d3a68d04bf7b154891,8d595c7da42545c88052e7b213b6c97c,0.4432
1a24459300a447d3a68d04bf7b154891,b40d3c588ad647ff85e397a6bc5f9d8b,0.3894
1a24459300a447d3a68d04bf7b154891,ad42c467d0fe43dbb328073f9a16bc4d,0.3478
37cd8f1e7c334f42965941e69fac45d7,99a52c93a3304ec18dab9206f98f2a8b,0.4042
37cd8f1e7c334f42965941e69fac45d7,643fbbdd6b764ba9904a4ee67a86b9fd,0.3640
37cd8f1e7c334f42965941e69fac45d7,89e983dca0a34b768e17b3871b9cea1e,0.3219
e6c222899c8948ca8776d43041023512,6c874292dbcc49ff8bb8bbe5643593a5,0.3940
406a4cc04a7b4bf1bedba252a370170a,6c874292dbcc49ff8bb8bbe5643593a5,0.9291
406a4cc04a7b4bf1bedba252a370170a,b77d8b7bb0114c379139d280a9210e83,0.3830
9536a093de5c454f8107c944fdbc4de0,b77d8b7bb0114c379139d280a9210e83,0.8453
9536a093de5c454f8107c944fdbc4de0,6c874292dbcc49ff8bb8bbe5643593a5,0.4195
ee26c03d830d424ba086d493237a5c76,6c874292dbcc49ff8bb8bbe5643593a5,0.7512
f3ab568e4b5948f9ac5e94ddaf848ef1,,
72711fdab1134c6c884778196c514a78,,
b40b5c9909d84456806fed5c7fb41ff3,,
4fd6e570dc5a4e03bbe54c468c9a570c,e8f18e4bdf054390a1768978dca8e430,0.3221
af888c70b0554578b1511b9ccc3a13af,e8f18e4bdf054390a1768978dca8e430,0.4270
47b057e77a1148e08d82607a8ba8b64b,,
d004772f2bcb4290817f8a5eaf8e089e,,
c5cd895ffe7143f7b76b9704dd73a0e1,27a67d3e76814297aebf64e03d14c336,0.6311
c5cd895ffe7143f7b76b9704dd73a0e1,c2a665cec90e46db8d2a74389beb4649,0.3335
4fdf4fbcd0c942659a768bc44c26e36b,e8c8742459dc48a49080bf0e5b3fdee0,0.6312
4fdf4fbcd0c942659a768bc44c26e36b,c2a665cec90e46db8d2a74389beb4649,0.5340
4fdf4fbcd0c942659a768bc44c26e36b,52f20bd7eb50430c95f0916727880a1b,0.3893
4fdf4fbcd0c942659a768bc44c26e36b,b3f8b4bec0164d0e81997b4f5a277e8f,0.3852
e713b8481db84ce48754efe4036cb367,e8c8742459dc48a49080bf0e5b3fdee0,0.5348
e713b8481db84ce48754efe4036cb367,c2a665cec90e46db8d2a74389beb4649,0.5171
e713b8481db84ce48754efe4036cb367,b3f8b4bec0164d0e81997b4f5a277e8f,0.3843
e713b8481db84ce48754efe4036cb367,52f20bd7eb50430c95f0916727880a1b,0.3520
2c6a9ad5618343c3af68eb2b03c705ca,67984873125e4a0f9562179c906d1b0f,0.3587
a140cb170b604376817a046b5c07af44,4c293487c809486585d65ed10b2cb1e4,0.4143
0b381fa026434777872d3b9ac3c227cd,51c6049a18b84ee381d0512e40b67c0e,0.4443
0b381fa026434777872d3b9ac3c227cd,6b4676aba2a746b3ab778315afc8ee82,0.3785
125d9c4bb335433bb1a04d677002207c,664da77d25e74df693eaad44a5e7617f,0.7694
125d9c4bb335433bb1a04d677002207c,59e4dcf2794943b18fb902a6eb475ff8,0.4303
dc06b2fc4efd4a42ae957e86afc762c4,03df72bcf3504272a27f4bbaea89118a,0.5423
dc06b2fc4efd4a42ae957e86afc762c4,664da77d25e74df693eaad44a5e7617f,0.5047
dc06b2fc4efd4a42ae957e86afc762c4,31f80e4c87164e2893375ec7e73b372e,0.3246
ee46cf904fbc4ddfae1da60297817b48,59e4dcf2794943b18fb902a6eb475ff8,0.5638
ee46cf904fbc4ddfae1da60297817b48,664da77d25e74df693eaad44a5e7617f,0.3272
2d078fc2891f4628914aa44ba8603a04,03df72bcf3504272a27f4bbaea89118a,0.5382
2d078fc2891f4628914aa44ba8603a04,664da77d25e74df693eaad44a5e7617f,0.4985
e394d55c1e79420f832b2aabb8a96d39,59e4dcf2794943b18fb902a6eb475ff8,0.5752
e394d55c1e79420f832b2aabb8a96d39,664da77d25e74df693eaad44a5e7617f,0.3533
946d71a18f264ed887f55c1a9a2ffc4d,4a7fa5a1bafe4b6995e2920444ac07c4,0.4620
e89b67fc618f4ccc84877eb31c645e09,4a7fa5a1bafe4b6995e2920444ac07c4,0.4522
bc267c43ca1f44febd9e7093727ef543,4a7fa5a1bafe4b6995e2920444ac07c4,0.8059
bc267c43ca1f44febd9e7093727ef543,b4dadb3ea3a04cc3932094471debce13,0.4630
bc267c43ca1f44febd9e7093727ef543,88353d1136d24836816b073de62e5f50,0.4252
bc267c43ca1f44febd9e7093727ef543,26b18153216b48d793b75598ddb54d77,0.3990
01ac8202a1f44b648edeaa48d9b3be1c,b4dadb3ea3a04cc3932094471debce13,0.5056
01ac8202a1f44b648edeaa48d9b3be1c,88353d1136d24836816b073de62e5f50,0.4612
01ac8202a1f44b648edeaa48d9b3be1c,26b18153216b48d793b75598ddb54d77,0.4425
3f6590287d024cde9a430ca74bf005c7,,
c293e0f7c0da40049992e9ce791370db,,
30cf83c6a107496a894c8ee50f9b6941,,
0cf92dcb9bc94f0697e76d4ccdd96aea,,
0defb2dd1f4e42b8867d78c68c45bf69,,
7e165023b13a4ea89bb41b86336ed275,673aee19895b4d339ada93213d8874ac,0.7841
7e165023b13a4ea89bb41b86336ed275,e59dba65749140f4a1bdaf2695de2fc6,0.6818
7e165023b13a4ea89bb41b86336ed275,b7f5c165ea2242709a2fb71f3a3f1bcb,0.6059
bbd916e845d14857ad0f48dd4693ed85,7f0b453cc8c14156802497f5cbae9d62,0.8171
bbd916e845d14857ad0f48dd4693ed85,e59dba65749140f4a1bdaf2695de2fc6,0.7822
bbd916e845d14857ad0f48dd4693ed85,b7f5c165ea2242709a2fb71f3a3f1bcb,0.5824
e74837fbb60c42a4a65d86d1568b4649,7f0b453cc8c14156802497f5cbae9d62,0.5480
e74837fbb60c42a4a65d86d1568b4649,673aee19895b4d339ada93213d8874ac,0.5363
e74837fbb60c42a4a65d86d1568b4649,e59dba65749140f4a1bdaf2695de2fc6,0.5044
13f2026fed26452685621e4b5e90c497,,
a3a3c4b19635404cace83ff7b80a1679,db2466dc7da64ac5a2a21c20ace67856,0.4178
72772d2296a24491b21db0cf0ffec2cc,4385ac4645b34f3c8a44c4676ebcd8be,0.8619
3c36c01d06db430891436e7338519629,,
27f5e7c9028741ea99cbf424d87b7f8f,a055f8188384479a8bad418f7dffd9a5,0.3336
1ff1f628d46c4fffbf9a44323220d682,cb2505b30d8a4dc086c353cf94424b6d,0.6160
d12ab20387aa452093121c89f55faef6,b2bcb4d9456c4763a0159ffd1f3660bb,0.6644
cf7d4b9d3c9c4789b84574f7294511e4,cb2505b30d8a4dc086c353cf94424b6d,0.6207
ebadbbba9888428c97cd7f6f9d614d2b,b2bcb4d9456c4763a0159ffd1f3660bb,0.6668
3ef127b149d24d42a5b4d73a369daeba,059a284910e849efbbc7073b8681409f,0.5090
86cc05a71e4440cba336690dfa0149ac,059a284910e849efbbc7073b8681409f,0.5253
dda93eeaef8c4891aa99f6851955606e,65e30dd62cfa4dccb9ea4d908a9d6fab,0.5944
1c7e49f7fcc1484593f48dc107e63996,65e30dd62cfa4dccb9ea4d908a9d6fab,0.9391
1c7e49f7fcc1484593f48dc107e63996,3aa003c1e31b476e999c3a808a1d5dc6,0.6030
01b3be2b5b2f4891ad053f74f427514b,65e30dd62cfa4dccb9ea4d908a9d6fab,0.5938
6da229c88f574b79a9aa35557565a86e,fc70a4c2c4834e0eba1a14470f563b03,0.4887
6da229c88f574b79a9aa35557565a86e,afac6ae28fac41dabae96696990c5555,0.3646
6da229c88f574b79a9aa35557565a86e,fe363cef357840fcb35f320fe7c27e4e,0.3469
6da229c88f574b79a9aa35557565a86e,8c5f38853679436ba434b6a696e43168,0.3361
6da229c88f574b79a9aa35557565a86e,bb6ecabbce1b43d997d00d7acdc95193,0.3225
692f47ec6a394c83acb7708bfd6c7c96,4230775a9d51448396cacb9061f0e5f9,0.5030
692f47ec6a394c83acb7708bfd6c7c96,8c5f38853679436ba434b6a696e43168,0.4599
692f47ec6a394c83acb7708bfd6c7c96,b01fd4d037a84a7aa777e1fc345c73c5,0.3598
692f47ec6a394c83acb7708bfd6c7c96,716a15d66b63424a8068da89e75733b4,0.3410
692f47ec6a394c83acb7708bfd6c7c96,af648fa7ac6c4c50a246de470329cd83,0.3336
f880dd7555534b77bb131f2d6fa4ab37,4230775a9d51448396cacb9061f0e5f9,0.8611
f880dd7555534b77bb131f2d6fa4ab37,fc70a4c2c4834e0eba1a14470f563b03,0.5039
f880dd7555534b77bb131f2d6fa4ab37,afac6ae28fac41dabae96696990c5555,0.3617
f880dd7555534b77bb131f2d6fa4ab37,fe363cef357840fcb35f320fe7c27e4e,0.3549
f880dd7555534b77bb131f2d6fa4ab37,8c5f38853679436ba434b6a696e43168,0.3511
f880dd7555534b77bb131f2d6fa4ab37,1c6bbf19b3d2498696a5baf0f53a0f18,0.3419
f880dd7555534b77bb131f2d6fa4ab37,bb6ecabbce1b43d997d00d7acdc95193,0.3346
f880dd7555534b77bb131f2d6fa4ab37,116f6c1f0cb54312986a0a729508a33e,0.3307
f880dd7555534b77bb131f2d6fa4ab37,716a15d66b63424a8068da89e75733b4,0.3230
fc88a18e8b6343d3a58e4aab7a84620b,fc70a4c2c4834e0eba1a14470f563b03,0.9533
fc88a18e8b6343d3a58e4aab7a84620b,4230775a9d51448396cacb9061f0e5f9,0.4824
fc88a18e8b6343d3a58e4aab7a84620b,8c5f38853679436ba434b6a696e43168,0.4333
fc88a18e8b6343d3a58e4aab7a84620b,b01fd4d037a84a7aa777e1fc345c73c5,0.3515
fc88a18e8b6343d3a58e4aab7a84620b,af648fa7ac6c4c50a246de470329cd83,0.3286
fc88a18e8b6343d3a58e4aab7a84620b,716a15d66b63424a8068da89e75733b4,0.3226
b715f62fa2f14ddeb98cb30d9c54339d,3b7d56c26da14b3a9b1cd52b5b35891b,0.9118
b715f62fa2f14ddeb98cb30d9c54339d,1004b33e3126472faa78e1929ed974e6,0.6775
b715f62fa2f14ddeb98cb30d9c54339d,9aca522158f443fd8a9caaec38ae5e2c,0.6486
b715f62fa2f14ddeb98cb30d9c54339d,9ffa09a2b9bd4da0ba98fc537ca68802,0.6452
b715f62fa2f14ddeb98cb30d9c54339d,0228b1e9e3244da3a727930123ba7bda,0.4745
b715f62fa2f14ddeb98cb30d9c54339d,022e16490d1949b9ab2fc1de5a837031,0.4284
b715f62fa2f14ddeb98cb30d9c54339d,7c061d36393540b49e20d98086bdb5bd,0.3813
b715f62fa2f14ddeb98cb30d9c54339d,f2077addeb6142c8b3540916522126e8,0.3693
b715f62fa2f14ddeb98cb30d9c54339d,c5486d5e31084ee797da0ebdacb17abc,0.3643
07cc561ef3f04e93a701b6919ee81175,9aca522158f443fd8a9caaec38ae5e2c,0.7619
07cc561ef3f04e93a701b6919ee81175,c5486d5e31084ee797da0ebdacb17abc,0.6616
07cc561ef3f04e93a701b6919ee81175,7c061d36393540b49e20d98086bdb5bd,0.6251
07cc561ef3f04e93a701b6919ee81175,9ffa09a2b9bd4da0ba98fc537ca68802,0.5627
07cc561ef3f04e93a701b6919ee81175,3b7d56c26da14b3a9b1cd52b5b35891b,0.5490
07cc561ef3f04e93a701b6919ee81175,1004b33e3126472faa78e1929ed974e6,0.5111
07cc561ef3f04e93a701b6919ee81175,f2077addeb6142c8b3540916522126e8,0.5050
07cc561ef3f04e93a701b6919ee81175,022e16490d1949b9ab2fc1de5a837031,0.4313
cb80f73ab9454fa798342057923edd40,3b7d56c26da14b3a9b1cd52b5b35891b,0.8236
cb80f73ab9454fa798342057923edd40,9aca522158f443fd8a9caaec38ae5e2c,0.6325
cb80f73ab9454fa798342057923edd40,1004b33e3126472faa78e1929ed974e6,0.6163
cb80f73ab9454fa798342057923edd40,9ffa09a2b9bd4da0ba98fc537ca68802,0.5748
cb80f73ab9454fa798342057923edd40,0228b1e9e3244da3a727930123ba7bda,0.4813
cb80f73ab9454fa798342057923edd40,022e16490d1949b9ab2fc1de5a837031,0.4154
cb80f73ab9454fa798342057923edd40,7c061d36393540b49e20d98086bdb5bd,0.4120
cb80f73ab9454fa798342057923edd40,c5486d5e31084ee797da0ebdacb17abc,0.4030
cb80f73ab9454fa798342057923edd40,f2077addeb6142c8b3540916522126e8,0.3702
c7fdef440d9345c6b34634ef46754490,f4b7e6e902e344859cb041126b69ce3c,0.6297
c7fdef440d9345c6b34634ef46754490,714e47cd21e5416f864a4bc938850a72,0.3331
f94bc288e76b4781b013d419ca5295b2,415641aa43724ed9bc4710302b77edc3,0.6291
f94bc288e76b4781b013d419ca5295b2,a7077a82d2c74518b96fb45e35f6e150,0.5122
f94bc288e76b4781b013d419ca5295b2,0e8487b2e6a2439b9e6623a1e2e5e19d,0.3826
c6a1eb4b8cc74dc0a3d818ef10b1b04e,f4b7e6e902e344859cb041126b69ce3c,0.6071
f34c07d2f2ad4b4fb027ab3f4c68bffd,415641aa43724ed9bc4710302b77edc3,0.6080
f34c07d2f2ad4b4fb027ab3f4c68bffd,a7077a82d2c74518b96fb45e35f6e150,0.4833
f34c07d2f2ad4b4fb027ab3f4c68bffd,0e8487b2e6a2439b9e6623a1e2e5e19d,0.3863
bd6f2e8af94548da8676de16a6853e69,0568345606fa4a2c84ed4ea6c74639ee,0.6814
bd6f2e8af94548da8676de16a6853e69,d87e5facd03b45f9829e8a1cd0fe0190,0.5865
af596599aa804ad2bbe10c2ddf0b3e34,0568345606fa4a2c84ed4ea6c74639ee,0.5794
af596599aa804ad2bbe10c2ddf0b3e34,d87e5facd03b45f9829e8a1cd0fe0190,0.5023
680120b1438b42a3acd998a7e00f02ef,0568345606fa4a2c84ed4ea6c74639ee,0.5091
5d17356d82d74aa3a6e6f979ef1796fd,0568345606fa4a2c84ed4ea6c74639ee,0.5062
6b3c7ce1b5524d3e98acc2312a661188,a8904adcdd21495f890bc614bfdbf86f,0.5021
6b3c7ce1b5524d3e98acc2312a661188,afac6ae28fac41dabae96696990c5555,0.4108
6b3c7ce1b5524d3e98acc2312a661188,716a15d66b63424a8068da89e75733b4,0.4064
d31bba63f0c74cfd9135ddb2ec58f186,a8904adcdd21495f890bc614bfdbf86f,0.5625
d31bba63f0c74cfd9135ddb2ec58f186,d7618b61a65a4bc1a0d0f2cc1bddc448,0.4161
d31bba63f0c74cfd9135ddb2ec58f186,8c5f38853679436ba434b6a696e43168,0.3986
d31bba63f0c74cfd9135ddb2ec58f186,b01fd4d037a84a7aa777e1fc345c73c5,0.3359
d31bba63f0c74cfd9135ddb2ec58f186,4230775a9d51448396cacb9061f0e5f9,0.3321
d31bba63f0c74cfd9135ddb2ec58f186,fc70a4c2c4834e0eba1a14470f563b03,0.3261
908351dacb5c427f88bd9aa375503388,b64cef9df31c4e92a7b7ecd42f74f396,0.3978
33683cdbfab14a3f8b56e5f75d2b3d00,b64cef9df31c4e92a7b7ecd42f74f396,0.5785
cbb9562935ed4ec7b4fbd9c04a1c17c3,b64cef9df31c4e92a7b7ecd42f74f396,0.5891
2093ec4e54224ee59a6b3df761f52ad4,b64cef9df31c4e92a7b7ecd42f74f396,0.9583
2093ec4e54224ee59a6b3df761f52ad4,76e41369a6794714a9fab6968839bfe6,0.5747
034598db2c774843ae5b70f89a468dd1,b834c0b0c10b471b87ad3f11468de619,0.7016
e1b0c09a4b5745ba87cb45d6b31cc047,b834c0b0c10b471b87ad3f11468de619,0.7184
e1b0c09a4b5745ba87cb45d6b31cc047,8c7c9eaae41a44a3a4ebe39ce167d300,0.6151
2ee4e4c157314893ac1677408acd1e13,b834c0b0c10b471b87ad3f11468de619,0.6977
d2d1bfd6b701442bac97d11e1bcdcbff,8c7c9eaae41a44a3a4ebe39ce167d300,0.6995
d2d1bfd6b701442bac97d11e1bcdcbff,b834c0b0c10b471b87ad3f11468de619,0.6303
6da4af4998924e888bc085da81c883e1,,
62a839f4213d46759d8133e354ae93a4,,
f22180d73d204b929c77cc738c93dec8,7627d5e28ba74cbeaf9225e88a7a44cc,0.3491
b43451e5261643dab9a0627813d31785,7627d5e28ba74cbeaf9225e88a7a44cc,0.7219
89b4973e66414223af70d8648086e97c,,
cca9ed42ea00433984410ed65b0435fb,,
ca3ae3f2f83a4b709148933472566ca6,7627d5e28ba74cbeaf9225e88a7a44cc,0.3413
bc19c9d3d882406886b4dc137c8085e0,21eb9f06dd834a108d816efdf3aca8dc,0.3467
77823865299d48ddbce6d7d7e199814f,e2e0c8c96aff4c00896ac6986bbb20c2,0.3940
5cfbbd42352245fb9ab4e93f0e17452a,21eb9f06dd834a108d816efdf3aca8dc,0.3663
4a03d80a56a24730b633957fa5195cf5,e2e0c8c96aff4c00896ac6986bbb20c2,0.4145
ca687051622e4c35823d965df0139509,02a3cd76ce534d188b4d5ac4778bd652,0.4153
62cb56b35d3847a2858dee237b0a7f1e,f5a9583711fc4ff4a46e85c24886b234,0.5634
ad43fc3957284bd78e7d7c9aa5ab29c0,6252aa87531748e5bac5f6c65fc87e14,0.5336
5871998e8d6c4a9090cdf17915017027,f5a9583711fc4ff4a46e85c24886b234,0.9710
5871998e8d6c4a9090cdf17915017027,6252aa87531748e5bac5f6c65fc87e14,0.5592
102f600a8c1740ac8a06de1b28c5904e,78d0265d47df4f4cb7153da919763730,0.3476
ae0903a7f3be40ce83442e458496fd29,78d0265d47df4f4cb7153da919763730,0.5706
ae0903a7f3be40ce83442e458496fd29,7dd5e88dfdd24cafab2c765939757354,0.4913
f9be6242a66b4efabd439a28435cee95,30f654c6e69e48888f9f42dd95ab3c77,0.5595
f9be6242a66b4efabd439a28435cee95,78d0265d47df4f4cb7153da919763730,0.5343
10ef6812f01b471a8e48fa8e99c81735,,
fb5376db56af4ab4b8ea6d46d191ad26,df5ca61304074da1bec8f536ab50baf3,0.6245
fb5376db56af4ab4b8ea6d46d191ad26,b9228fdb5f0c413d81cffb51829d95c6,0.5474
fb5376db56af4ab4b8ea6d46d191ad26,cc243eebbb2b44a581745865a60c423a,0.5131
fb5376db56af4ab4b8ea6d46d191ad26,c756409435634fc48c643a64e73c93ce,0.4531
fb5376db56af4ab4b8ea6d46d191ad26,f439b5616ba24b7f82eccfa095a0eff8,0.3766
fb5376db56af4ab4b8ea6d46d191ad26,0bd1cce9370a461089e25393086800a8,0.3540
fb5376db56af4ab4b8ea6d46d191ad26,fadf133e0e684a24ac79b5fa9515bac2,0.3343
a0e60ab432b94ba291505c129ee405df,df5ca61304074da1bec8f536ab50baf3,0.6349
a0e60ab432b94ba291505c129ee405df,b9228fdb5f0c413d81cffb51829d95c6,0.5426
a0e60ab432b94ba291505c129ee405df,cc243eebbb2b44a581745865a60c423a,0.5215
a0e60ab432b94ba291505c129ee405df,c756409435634fc48c643a64e73c93ce,0.4373
a0e60ab432b94ba291505c129ee405df,f439b5616ba24b7f82eccfa095a0eff8,0.3885
a0e60ab432b94ba291505c129ee405df,0bd1cce9370a461089e25393086800a8,0.3516
a0e60ab432b94ba291505c129ee405df,fadf133e0e684a24ac79b5fa9515bac2,0.3276
0d29840b4f2a46659bf734b51438e6ac,f439b5616ba24b7f82eccfa095a0eff8,0.7040
0d29840b4f2a46659bf734b51438e6ac,225818abe99e45a0bf5b0b3ec30db76b,0.4804
0d29840b4f2a46659bf734b51438e6ac,75efe5ddef364f49865d9bb283492b48,0.3401
62865ed38c05470a8919d1070402fa6b,f439b5616ba24b7f82eccfa095a0eff8,0.7297
62865ed38c05470a8919d1070402fa6b,225818abe99e45a0bf5b0b3ec30db76b,0.4903
62865ed38c05470a8919d1070402fa6b,75efe5ddef364f49865d9bb283492b48,0.3222
09a6f25650ae474385eb70217f8c4843,2b3ecf8be2b242f3b8a1e714390749fb,0.4731
09a6f25650ae474385eb70217f8c4843,e4e12f4711fd41e39075e26cc274df45,0.4665
86e1bd5f53b148b9a9522847363630bf,2b3ecf8be2b242f3b8a1e714390749fb,0.4697
86e1bd5f53b148b9a9522847363630bf,e4e12f4711fd41e39075e26cc274df45,0.4538
aa561064498b402993740579853c84fc,e4e12f4711fd41e39075e26cc274df45,0.5562
aa561064498b402993740579853c84fc,01ffceddb5b34406a08bb982b424b3cf,0.4551
de4bd1f38ae04b8da3f5f36bea97276d,2b3ecf8be2b242f3b8a1e714390749fb,0.5683
de4bd1f38ae04b8da3f5f36bea97276d,01ffceddb5b34406a08bb982b424b3cf,0.4434
3dc160c26fc64d45a5f1e9756e6b1025,04fa591263664fb0a6868552ebd3590b,0.6726
3dc160c26fc64d45a5f1e9756e6b1025,0eb119aabc884795a4768c6d3e677ea1,0.3893
3dc160c26fc64d45a5f1e9756e6b1025,1419b2c686f44896a0ae2a43e93b5402,0.3441
f7cfc69b28204d1681a71216a3dafbff,1419b2c686f44896a0ae2a43e93b5402,0.6228
f7cfc69b28204d1681a71216a3dafbff,04fa591263664fb0a6868552ebd3590b,0.4762
f7cfc69b28204d1681a71216a3dafbff,50a2129b83404b94889a01f4688ebafd,0.4565
7e5d9f74b6724f59ae0911894a898253,04fa591263664fb0a6868552ebd3590b,0.8452
7e5d9f74b6724f59ae0911894a898253,0eb119aabc884795a4768c6d3e677ea1,0.4560
7e5d9f74b6724f59ae0911894a898253,1419b2c686f44896a0ae2a43e93b5402,0.4052
7e5d9f74b6724f59ae0911894a898253,19098957d8c24cab95daa30c2baefd8f,0.3643
7e5d9f74b6724f59ae0911894a898253,655a618282cd4fa39a26f0967c033f4b,0.3272
966a64e7651f4b2499587effd1600e97,04fa591263664fb0a6868552ebd3590b,0.5998
966a64e7651f4b2499587effd1600e97,0eb119aabc884795a4768c6d3e677ea1,0.4097
966a64e7651f4b2499587effd1600e97,1419b2c686f44896a0ae2a43e93b5402,0.3471
296a868a499d46aa93fc77f8e589c254,f31e9fdffaa642ed98e91b07a30f3a8c,0.7932
296a868a499d46aa93fc77f8e589c254,74644c8cc17449cf89379868e7b21398,0.6838
296a868a499d46aa93fc77f8e589c254,c2b49382e2f34b1c90013236a5fbaef0,0.6062
296a868a499d46aa93fc77f8e589c254,3e923b6e3ceb4901b77c9a18729546eb,0.5940
296a868a499d46aa93fc77f8e589c254,5e0a2bc284cf4002914ae4e6aaef41e8,0.5825
296a868a499d46aa93fc77f8e589c254,d5ecdd142b544edca1b16ee83a9cf908,0.5646
296a868a499d46aa93fc77f8e589c254,9452a2f21f7d4feeb2605d9b6647fc13,0.4496
7b04ec5b87214c25bd25268652df3829,d5ecdd142b544edca1b16ee83a9cf908,0.5476
7b04ec5b87214c25bd25268652df3829,f31e9fdffaa642ed98e91b07a30f3a8c,0.4212
7b04ec5b87214c25bd25268652df3829,74644c8cc17449cf89379868e7b21398,0.3921
7b04ec5b87214c25bd25268652df3829,c2b49382e2f34b1c90013236a5fbaef0,0.3617
7b04ec5b87214c25bd25268652df3829,3e923b6e3ceb4901b77c9a18729546eb,0.3490
7b04ec5b87214c25bd25268652df3829,5e0a2bc284cf4002914ae4e6aaef41e8,0.3412
a03259710e6344d1b817f8dc53d9384e,f31e9fdffaa642ed98e91b07a30f3a8c,0.7893
a03259710e6344d1b817f8dc53d9384e,74644c8cc17449cf89379868e7b21398,0.6790
a03259710e6344d1b817f8dc53d9384e,c2b49382e2f34b1c90013236a5fbaef0,0.6031
a03259710e6344d1b817f8dc53d9384e,3e923b6e3ceb4901b77c9a18729546eb,0.5821
a03259710e6344d1b817f8dc53d9384e,5e0a2bc284cf4002914ae4e6aaef41e8,0.5736
a03259710e6344d1b817f8dc53d9384e,d5ecdd142b544edca1b16ee83a9cf908,0.5658
a03259710e6344d1b817f8dc53d9384e,9452a2f21f7d4feeb2605d9b6647fc13,0.4518
0e271b22304c40fe9884c63ee1fe1668,,
43fd128c97194d88bbfe7be91fbc67ed,,
8c3f25890eab46379974ac593d629515,6c51b4f57ba0415f994756e944b11cee,0.5407
1dfd4a798f224e88a6b4c2980cb31c82,,
9174a7587e5048ec86bec7afe80e268e,,
bcfc6cd4aea34c78891a701698ccb953,,
2a551336cc794909b0a09c92faf75f50,,
23e5bf15809d4629abd7ff7c344b1ce0,,
f2a05ceedacf47b598b2cd3dbe003966,,
764c5cb76dcb4650b8b0a50cac981edc,,
c50ae9cd7ac5469daf32b2a1a1d81797,b5f237fefb38465bb6a068c9cf75ba31,0.5440
e9801f8810654cacbcd517b25b89767b,,
f3c68b7ff0f344569399a04bbff5d1da,384b14b18c3c43b1a4dc1aa2f661e076,0.4358
ab0c7be344d7444bb59fb3b065a71c88,384b14b18c3c43b1a4dc1aa2f661e076,0.4091
b136a0d13d7e431a94e54f2a085d5f52,384f94503bcd4f4c863056ad69f45b43,0.4142
b136a0d13d7e431a94e54f2a085d5f52,e96fae6d607246b18b8494aabe521036,0.3321
210a3e79a4a149179749cd7a5b127f63,384f94503bcd4f4c863056ad69f45b43,0.4337
210a3e79a4a149179749cd7a5b127f63,e96fae6d607246b18b8494aabe521036,0.3516
2071beae14fe435b9e3943e22e8b430b,ef8c056ecb524439a48c881089537951,0.4186
2071beae14fe435b9e3943e22e8b430b,bdb0d45caa2a4943959f8f501e51132b,0.3918
40eb15fd325c48bea6a7988ce40cc33b,ef8c056ecb524439a48c881089537951,0.4326
40eb15fd325c48bea6a7988ce40cc33b,bdb0d45caa2a4943959f8f501e51132b,0.3920
7be90785152d4e01b53aa4b1f3c74097,f6207eb593394ff78e2cb35057477422,0.4185
61e3c16563b44edb85bee0caf5de33b0,f6207eb593394ff78e2cb35057477422,0.4267
79dc8e29d2a747c793ab1fe11ba6045b,43464ed6733f4642a0b90e7d995a5e40,0.8109
79dc8e29d2a747c793ab1fe11ba6045b,00fb3a55134242769182c520d55681a2,0.3368
dfc436b508974e349cbf602bb7fe9b7a,00fb3a55134242769182c520d55681a2,0.9691
dfc436b508974e349cbf602bb7fe9b7a,43464ed6733f4642a0b90e7d995a5e40,0.3539
dcd99427d6e64ebcb3af1982854aa02c,43464ed6733f4642a0b90e7d995a5e40,0.3325
c59bf6abbde846999988749ad22b52d3,00fb3a55134242769182c520d55681a2,0.3509
a386f6b172a740989c390780b3b856d5,3e4a54908dde405294869e30a92a7623,0.4483
a386f6b172a740989c390780b3b856d5,e88ce4cd350f43398a5c0ab8629cee72,0.3330
ad563855246b46adaf5fdeecbfdc081b,6732de8994744decbb3306c74aaa7882,0.4763
0485db5bb76a491782e78c6e98f4c913,636c21e19a5845e1b8d69a5fca928030,0.4734
38535cc9165a4684af9a3ee208dccb9a,36ac84a73ad34261ad45cf569edb60af,0.3505
7812e64c9f5a45dea8c59e366c0a1b2c,211ef3181e524685866fb8574d9bf456,0.3394
e0cdf7eb868e4cf28007a946c4dcedcd,36ac84a73ad34261ad45cf569edb60af,0.7414
e0cdf7eb868e4cf28007a946c4dcedcd,3c0f3b44c0844df49b5898406fe9195a,0.3622
966272e605644a9783d154f8e2038dbb,36ac84a73ad34261ad45cf569edb60af,0.7495
966272e605644a9783d154f8e2038dbb,3c0f3b44c0844df49b5898406fe9195a,0.3658
9fd9ddafbc6c43a9982d0ef0dcbca940,36ac84a73ad34261ad45cf569edb60af,0.3445
4aa3ef7644b6471b805cdbce95bcc6b8,ccb62901750b4d13a922fc161b607f83,0.5228
4aa3ef7644b6471b805cdbce95bcc6b8,e12ad1ce8e7940a999b9a4f91a95fab7,0.3863
4aa3ef7644b6471b805cdbce95bcc6b8,d695b7afdc3841a28a56df578e56afce,0.3576
d19e7fd5a62e4d28bb80ac4eddf34d1c,6866efc8987a4ec8b04b7abd28fb5777,0.5286
d19e7fd5a62e4d28bb80ac4eddf34d1c,e12ad1ce8e7940a999b9a4f91a95fab7,0.4106
26da5929257a4a70997444abb7ed9998,ccb62901750b4d13a922fc161b607f83,0.6936
26da5929257a4a70997444abb7ed9998,6866efc8987a4ec8b04b7abd28fb5777,0.5402
26da5929257a4a70997444abb7ed9998,e12ad1ce8e7940a999b9a4f91a95fab7,0.3870
9538feefe1d84c03874b872ae3f48947,ccb62901750b4d13a922fc161b607f83,0.5326
9538feefe1d84c03874b872ae3f48947,e12ad1ce8e7940a999b9a4f91a95fab7,0.4002
9538feefe1d84c03874b872ae3f48947,d695b7afdc3841a28a56df578e56afce,0.3665
03b02260fc474ab29d5d6a1398847a2a,9a500a20b1ff4694acc31339a8d1349e,0.7700
f19622c340af46aabec5a3eebfea35fa,9a500a20b1ff4694acc31339a8d1349e,0.7477
f19622c340af46aabec5a3eebfea35fa,4285b02dc9164cb9bae36b0566bb42f0,0.6536
b2c57f611c954c84ad5bc681d1798dee,9a500a20b1ff4694acc31339a8d1349e,0.7665
98e31f0110bd4082b8a9c780c4658d5b,cc243eebbb2b44a581745865a60c423a,0.6893
98e31f0110bd4082b8a9c780c4658d5b,225818abe99e45a0bf5b0b3ec30db76b,0.3569
ba97c80ce0a5461d938b43cfdc812679,cc243eebbb2b44a581745865a60c423a,0.7550
ba97c80ce0a5461d938b43cfdc812679,225818abe99e45a0bf5b0b3ec30db76b,0.4324
eef39c9128b1421cb4e7b9c83fee0c82,225818abe99e45a0bf5b0b3ec30db76b,0.6089
eef39c9128b1421cb4e7b9c83fee0c82,b9228fdb5f0c413d81cffb51829d95c6,0.5886
eef39c9128b1421cb4e7b9c83fee0c82,c756409435634fc48c643a64e73c93ce,0.4332
8a738e1a32764f6aa0c264a4a08e2942,225818abe99e45a0bf5b0b3ec30db76b,0.6245
8a738e1a32764f6aa0c264a4a08e2942,b9228fdb5f0c413d81cffb51829d95c6,0.5955
8a738e1a32764f6aa0c264a4a08e2942,c756409435634fc48c643a64e73c93ce,0.4338
173559035aac478591718da5062ea4e7,5e2f1a45f7174f1aa39a194179985876,0.8505
173559035aac478591718da5062ea4e7,7e8a4a43e2f84dbb88e41cb24b3fe79f,0.3910
6fb705d0d2f04e52b810c48e7fc82a2e,7e8a4a43e2f84dbb88e41cb24b3fe79f,0.3633
709e314fe2f6437097221a6c9ab0dc69,7e8a4a43e2f84dbb88e41cb24b3fe79f,0.3577
f23420a6638046f4b1536f73bc2e0cb6,c74557a980e2428a9ffcc245278df692,0.4330
1d83fbe02659440394a32de73b6c18a3,d60986f4025d443ea58adba0e3d224a1,0.7050
3cf470f9d76e42a68e48c748b6c793fb,e9428816b054499298745b742f128f65,0.7006
3cf470f9d76e42a68e48c748b6c793fb,009be1c3430743ff9b054bdfcd6228d6,0.3943
3cf470f9d76e42a68e48c748b6c793fb,be42a43f5186434db4f2815f768a9991,0.3297
168e52d4211e47f9b447e33469c72127,e9428816b054499298745b742f128f65,0.6990
168e52d4211e47f9b447e33469c72127,009be1c3430743ff9b054bdfcd6228d6,0.3993
168e52d4211e47f9b447e33469c72127,be42a43f5186434db4f2815f768a9991,0.3272
2cff6320a7ec4c2aafba5c1e3318ddee,d2bcc978e7aa49908919d9fc40138b27,0.7998
2cff6320a7ec4c2aafba5c1e3318ddee,1578afd6ce694d46ab6e24f965f51fd6,0.3286
abadadc5b9f748f59edd8d3abb4d3a01,d2bcc978e7aa49908919d9fc40138b27,0.7668
2ea6bb0d68e4468e86828a584e75bb42,99830b8da7c24f909914f7bb167f3ea6,0.6081
2ea6bb0d68e4468e86828a584e75bb42,250d411ae270441085be3501b7b55d86,0.3394
983d22fb5ca14e8a9d33f205427d4934,511fe9c8b20b4fda94969745238c9474,0.4077
c601d5a9e45b400ab8ffe8a62cc6dd5b,99830b8da7c24f909914f7bb167f3ea6,0.7746
c601d5a9e45b400ab8ffe8a62cc6dd5b,250d411ae270441085be3501b7b55d86,0.3417
c601d5a9e45b400ab8ffe8a62cc6dd5b,1aef014473b84ef9a0f799114fe516c9,0.3304
af9775f02cb64e7a89d41bfd3138d87c,511fe9c8b20b4fda94969745238c9474,0.7251
6e03c908e766447c8bca6c98861b5a60,6c79712e67b54dd0a11d426a91207939,0.7621
6e03c908e766447c8bca6c98861b5a60,295d0d40791245ff838c73a2aa27d065,0.4984
44483008955a408db228e36e7af53fdc,295d0d40791245ff838c73a2aa27d065,0.7543
44483008955a408db228e36e7af53fdc,5363ae1c905d4879a63259de4954702e,0.4600
44483008955a408db228e36e7af53fdc,6c79712e67b54dd0a11d426a91207939,0.4328
42507e0cf2f146b4a2773c26d941610d,295d0d40791245ff838c73a2aa27d065,0.8751
42507e0cf2f146b4a2773c26d941610d,5363ae1c905d4879a63259de4954702e,0.4757
42507e0cf2f146b4a2773c26d941610d,6c79712e67b54dd0a11d426a91207939,0.4709
fdd87abf600a4abaa1d0210384b5076f,6c79712e67b54dd0a11d426a91207939,0.7410
fdd87abf600a4abaa1d0210384b5076f,295d0d40791245ff838c73a2aa27d065,0.4912
bd2ab791b5d947aebc36dd63a25b782d,b6c493a3666c4db193e86c79faf099ab,0.5295
f97b6d6044f64e668c6bfa4856de6e2e,b6c493a3666c4db193e86c79faf099ab,0.5282
dbdb837b049042bcb0b995828a1463d5,,
e4e8bbb77d39441f89e7899ac799567c,a70909d3ce0d4235913b5ce6a138dcce,0.7619
884628be75bf4632adba41416b2dcb2d,b6c493a3666c4db193e86c79faf099ab,0.9275
884628be75bf4632adba41416b2dcb2d,f65b6fb5b40a49d1896de7a115469d40,0.5062
736b602483e04289bedcbe5e6082e394,ad42c467d0fe43dbb328073f9a16bc4d,0.5197
46dfeacada264da795ae8f40feca0462,ad42c467d0fe43dbb328073f9a16bc4d,0.4405
398185f5bc8c44629ec6d92103b2a26e,,
7881cf6f764e4853ab524e92060b86db,,
b5a0c3ca548c404e8f6ce3bddb0642d8,eeca68825e2a4bbdaa5ae962998fc33b,0.7982
b5a0c3ca548c404e8f6ce3bddb0642d8,5cfb876eeb4f410aa1282cc279f0e546,0.4719
16b427f91adb47be8f9ef97448bf84da,,
a9f8715606d84f499a84ad01589fc4b3,eeca68825e2a4bbdaa5ae962998fc33b,0.8288
a9f8715606d84f499a84ad01589fc4b3,5cfb876eeb4f410aa1282cc279f0e546,0.4931
fd6075f13adb4cdc8540f83b192abddc,afaf2edba0ee4d58860a5a04e4aabc5c,0.3271
b7c34ab8ac2b44a993051b96fadef9cb,afaf2edba0ee4d58860a5a04e4aabc5c,0.3289
5fe5888079644c41b966985f5b572f9c,,
e850e901ed844eacbf240b4358dadc9a,bdb0d45caa2a4943959f8f501e51132b,0.9612
e850e901ed844eacbf240b4358dadc9a,f6207eb593394ff78e2cb35057477422,0.3902
07a659cb697144d5b174a3c714670fcd,f879b316413f45d2b64bb25e3f45a667,0.5647
1860486ceb1947ea93fe348ae75fe1f2,f879b316413f45d2b64bb25e3f45a667,0.5379
40f9434041994e2ca0b5307725fdd4bc,,
75978aae26274d9b926b0b08cc16950a,ee7c00877ae64dac87123a3d75251530,0.4738
7fb1043e17c142cf8bc1704c263ae9b4,bc607fd6000b43108e49b3d05688fe90,0.4401
13a4af2eb59944b9926a2ceec4e169fa,f879b316413f45d2b64bb25e3f45a667,0.7491
13a4af2eb59944b9926a2ceec4e169fa,cd764fbfae774d068af7549c648a02c9,0.6027
7c0b316dd59246b4ba2bbf879d7c9d74,bc607fd6000b43108e49b3d05688fe90,0.4111
9adf6404c5364c9da78b1c60e57ed94b,cd764fbfae774d068af7549c648a02c9,0.5800
d1c6d2db55584c7e9425bce6b4029bcb,2fcf4a04d3654ffb9a5c1dfa3799e4f0,0.7951
d1c6d2db55584c7e9425bce6b4029bcb,3bd43a42811048e3b7a7d9740bdb1971,0.6832
6a4118df6def4cfeae3bb62650bcbfe1,3bd43a42811048e3b7a7d9740bdb1971,0.5865
70e2b8adca1a4fae93ba2708abc854fc,2fcf4a04d3654ffb9a5c1dfa3799e4f0,0.8236
70e2b8adca1a4fae93ba2708abc854fc,3bd43a42811048e3b7a7d9740bdb1971,0.6907
a14d78aab651419fbb973ee24df782f0,3bd43a42811048e3b7a7d9740bdb1971,0.6465
a14d78aab651419fbb973ee24df782f0,2fcf4a04d3654ffb9a5c1dfa3799e4f0,0.5124
44b51300330643689a392e7b77ce78b9,,
a59bcbf84ffb47d0abaf3c42791c4eeb,59f62d35b1ad451397b700b3dad25448,0.6114
a59bcbf84ffb47d0abaf3c42791c4eeb,3766b26b53874893ae48693880e1942c,0.4925
a59bcbf84ffb47d0abaf3c42791c4eeb,57bcda73abab44ee930b20cdaee9d24b,0.3227
b0133b20a5a9444582fbb510d5158e94,e7ee85dd47ca43eeb2fdcd70b802f0ec,0.6560
b0133b20a5a9444582fbb510d5158e94,59f62d35b1ad451397b700b3dad25448,0.6465
0c4c0aa7638b46729b25d811b58820c2,1f3cf50fe1f947d8a56e02ebca441c4c,0.9684
077ba3ca8b4f4aafa1c3b07a9c81b87f,,
343fdc468034438c90562b6db6f39797,,
906efceb3d96448092f0c58433b87e1c,,
e1236162007c4212aaf19e0771d4b741,f31e9fdffaa642ed98e91b07a30f3a8c,0.7914
e1236162007c4212aaf19e0771d4b741,3e923b6e3ceb4901b77c9a18729546eb,0.6988
e1236162007c4212aaf19e0771d4b741,5e0a2bc284cf4002914ae4e6aaef41e8,0.6744
e1236162007c4212aaf19e0771d4b741,c2b49382e2f34b1c90013236a5fbaef0,0.5632
e1236162007c4212aaf19e0771d4b741,d5ecdd142b544edca1b16ee83a9cf908,0.5523
e1236162007c4212aaf19e0771d4b741,9452a2f21f7d4feeb2605d9b6647fc13,0.3710
00d00578efec48fab535293ac554abc7,f31e9fdffaa642ed98e91b07a30f3a8c,0.7968
00d00578efec48fab535293ac554abc7,3e923b6e3ceb4901b77c9a18729546eb,0.7000
00d00578efec48fab535293ac554abc7,5e0a2bc284cf4002914ae4e6aaef41e8,0.6737
00d00578efec48fab535293ac554abc7,c2b49382e2f34b1c90013236a5fbaef0,0.5643
00d00578efec48fab535293ac554abc7,d5ecdd142b544edca1b16ee83a9cf908,0.5492
00d00578efec48fab535293ac554abc7,9452a2f21f7d4feeb2605d9b6647fc13,0.3736
cb31998c075d450d95c9b67944dcbd76,,
b3ebec0b824f4a8a8fb8920f8441b6fd,,
4aa0e4f3efc14a9ea0bce80841eb621b,c3502ff31ce6459a96164c934f297562,0.3370
497a54d4f7074270862214aee7e64871,daed5458403e49e3aea72f4bcc6dd224,0.3474
1916331efe4549b3be624c41a1538927,8dfe01febd46475ab5aef97033716ce1,0.3473
1916331efe4549b3be624c41a1538927,6ea31a945d494834a3d243f1f90af02a,0.3472
5ac53d8e26eb4e318f26ab79a0321759,6ea31a945d494834a3d243f1f90af02a,0.3495
80c9830759ea407a88a5484659289f5d,f12e9e5805534d719f829332d1ea5d29,0.3414
80c9830759ea407a88a5484659289f5d,7226603f024c45c6a6e44b00e52e8aad,0.3291
6d337f44e61147928e64eab798fe3328,f1c9c5051bdd4a11a064260bbb9d6d7b,0.6308
0cdbb3c4d2ac4c828901f6bd0a6a2b2f,,
5f108ee31ee841e0a7a9c47cc18206be,4254f6eaaed746bea797c3522036fc12,0.7952
5f108ee31ee841e0a7a9c47cc18206be,434551fdf9e443ed91679a9557ae6fd5,0.3566
747ff46c283a4c069b67ffbf8e5a07cb,434551fdf9e443ed91679a9557ae6fd5,0.6857
8f0d666c50404645b13bfe3e66f42211,,
6ebcf08b1bfb414a81cb644955467ddc,,
ba3cf143599441c69bb6e84716c550c1,,
f9c6d687d22445a3a42bb5ef26f1efb1,812a1568c77d46e695f8eb7357e24a0e,0.5821
f9c6d687d22445a3a42bb5ef26f1efb1,5cf392f15360460bae6a6b0182bb99b9,0.4045
f9c6d687d22445a3a42bb5ef26f1efb1,aedd476072b345e9be46ebd7260e93a6,0.3472
f9c6d687d22445a3a42bb5ef26f1efb1,07958f43551e459eb30638b632e3cd64,0.3388
55ff335679e94c7e9136c35ec45ffe08,f6061b71031b4ddb9384f86c103690a4,0.4140
2d18983b2c08444f9c28b8ff9d211b4b,812a1568c77d46e695f8eb7357e24a0e,0.5869
2d18983b2c08444f9c28b8ff9d211b4b,5cf392f15360460bae6a6b0182bb99b9,0.4113
2d18983b2c08444f9c28b8ff9d211b4b,aedd476072b345e9be46ebd7260e93a6,0.3552
2d18983b2c08444f9c28b8ff9d211b4b,07958f43551e459eb30638b632e3cd64,0.3375
3ffce0f5b295425b9e8dcac59218f776,f6061b71031b4ddb9384f86c103690a4,0.4103
d8a7ca9c214246edb53a05f963f18ae2,d25e6f2fc8154dd7816f8f7a41bee12b,0.5377
57062952f9e74d028985df841b24f285,7fe9e665bf41491c9788941aa2894a10,0.5419
5d12bfa69be74f498b42610ff9736913,7fe9e665bf41491c9788941aa2894a10,0.5558
1ac8ca7603544075954a8714e1990e7f,d25e6f2fc8154dd7816f8f7a41bee12b,0.5215
5c82142a41eb4fa7a6f77361c5865f55,a7077a82d2c74518b96fb45e35f6e150,0.4449
5c82142a41eb4fa7a6f77361c5865f55,415641aa43724ed9bc4710302b77edc3,0.3546
7c97ff590ca246898e57f4f75c6d9880,a7077a82d2c74518b96fb45e35f6e150,0.4465
7c97ff590ca246898e57f4f75c6d9880,415641aa43724ed9bc4710302b77edc3,0.3456
b439e61143bb452198ea7179e6153565,f4b7e6e902e344859cb041126b69ce3c,0.5024
b439e61143bb452198ea7179e6153565,714e47cd21e5416f864a4bc938850a72,0.4592
b439e61143bb452198ea7179e6153565,87fc1d6a57ea488786caaec8599c3b8b,0.3292
fd60a3efb7074ef7b1e3aaf40201c970,f4b7e6e902e344859cb041126b69ce3c,0.4778
fd60a3efb7074ef7b1e3aaf40201c970,714e47cd21e5416f864a4bc938850a72,0.4574
fd60a3efb7074ef7b1e3aaf40201c970,87fc1d6a57ea488786caaec8599c3b8b,0.3421
74279677b01649fe9c9330832c44e188,bbdf9065122d499d9d8f80ad3e0ef6f3,0.4863
76f1a57141c141cf8c82961ec4686a1c,bbdf9065122d499d9d8f80ad3e0ef6f3,0.5528
76f1a57141c141cf8c82961ec4686a1c,0daf8d5687b54d158f7f752884c42334,0.3398
9fb4debf99ee489098c330310de8b65d,bbdf9065122d499d9d8f80ad3e0ef6f3,0.4584
22afc0397a0a4324acedfe7a1e698dc5,bbdf9065122d499d9d8f80ad3e0ef6f3,0.8924
22afc0397a0a4324acedfe7a1e698dc5,0daf8d5687b54d158f7f752884c42334,0.4751
8bb786e1ae9e46dbb6ebe4f36bb30022,fc430b7683934be2aba12468b2409bb8,0.9110
8bb786e1ae9e46dbb6ebe4f36bb30022,e8927e14983a43da900edd926dd35adb,0.6669
8bb786e1ae9e46dbb6ebe4f36bb30022,27a0d24dc1e14b28a1f18456b29c93f1,0.5437
8bb786e1ae9e46dbb6ebe4f36bb30022,bcfa4a4177d44d8b8cda17b7a23196b0,0.4993
8bb786e1ae9e46dbb6ebe4f36bb30022,c1def54262224e23acf67a9870725ce5,0.4811
8bb786e1ae9e46dbb6ebe4f36bb30022,dbb3fe11ad004895b302a84e7c066fcc,0.3963
afdec97feacc44a4b83541c2e0c7a33e,e8927e14983a43da900edd926dd35adb,0.6543
afdec97feacc44a4b83541c2e0c7a33e,27a0d24dc1e14b28a1f18456b29c93f1,0.5562
afdec97feacc44a4b83541c2e0c7a33e,bcfa4a4177d44d8b8cda17b7a23196b0,0.4892
afdec97feacc44a4b83541c2e0c7a33e,c1def54262224e23acf67a9870725ce5,0.4808
afdec97feacc44a4b83541c2e0c7a33e,dbb3fe11ad004895b302a84e7c066fcc,0.4092
8756904ecec04706890eb72f81305ad8,e8927e14983a43da900edd926dd35adb,0.5551
8756904ecec04706890eb72f81305ad8,fc430b7683934be2aba12468b2409bb8,0.5228
8756904ecec04706890eb72f81305ad8,27a0d24dc1e14b28a1f18456b29c93f1,0.4293
8756904ecec04706890eb72f81305ad8,c1def54262224e23acf67a9870725ce5,0.3936
8756904ecec04706890eb72f81305ad8,bcfa4a4177d44d8b8cda17b7a23196b0,0.3725
8b8151048f8d4951a310c33c9a5d2c43,27a0d24dc1e14b28a1f18456b29c93f1,0.7775
8b8151048f8d4951a310c33c9a5d2c43,fc430b7683934be2aba12468b2409bb8,0.6630
8b8151048f8d4951a310c33c9a5d2c43,e8927e14983a43da900edd926dd35adb,0.5627
8b8151048f8d4951a310c33c9a5d2c43,bcfa4a4177d44d8b8cda17b7a23196b0,0.4353
8b8151048f8d4951a310c33c9a5d2c43,c1def54262224e23acf67a9870725ce5,0.4260
8b8151048f8d4951a310c33c9a5d2c43,dbb3fe11ad004895b302a84e7c066fcc,0.3491
ef2a80861fc14e18ab15656a8a125c8c,,
0df6b8fc44a3430782efcbe10851747b,,
de8c81d294194b43ba2dcbc36eff8ff8,,
c28da2f21daf4e57ac46e2bac9595e26,,
e12c80d95476447dba9b11c911992609,71d4b4036e594d7399506e6fd9b88063,0.9411
e12c80d95476447dba9b11c911992609,f532294d68604bc2aa9ad8804a8c6d5f,0.6466
7c7d36ea7b1242068efef6a72b998b95,71d4b4036e594d7399506e6fd9b88063,0.9379
7c7d36ea7b1242068efef6a72b998b95,f532294d68604bc2aa9ad8804a8c6d5f,0.6446
b6031a4a73c94a459b6d26c1d8829bd0,71d4b4036e594d7399506e6fd9b88063,0.6664
cade21dad7f74878b910ad5e0060d6e4,71d4b4036e594d7399506e6fd9b88063,0.6670
21354b108cee4d5a8ea7b2d1459410d3,b01fd4d037a84a7aa777e1fc345c73c5,0.4508
21354b108cee4d5a8ea7b2d1459410d3,fc70a4c2c4834e0eba1a14470f563b03,0.4318
21354b108cee4d5a8ea7b2d1459410d3,716a15d66b63424a8068da89e75733b4,0.3604
21354b108cee4d5a8ea7b2d1459410d3,4230775a9d51448396cacb9061f0e5f9,0.3406
e5265fd04dc84392b38bfe8ab07708b7,b01fd4d037a84a7aa777e1fc345c73c5,0.4452
e5265fd04dc84392b38bfe8ab07708b7,fc70a4c2c4834e0eba1a14470f563b03,0.4282
e5265fd04dc84392b38bfe8ab07708b7,716a15d66b63424a8068da89e75733b4,0.3715
e5265fd04dc84392b38bfe8ab07708b7,4230775a9d51448396cacb9061f0e5f9,0.3403
abaa87591059401aa7cacf5863a34f32,1a842f077119475794cc2de48e154374,0.9767
abaa87591059401aa7cacf5863a34f32,88f796c14d184ecfaa5b0109161db259,0.9014
abaa87591059401aa7cacf5863a34f32,00e9d4081c2f45d1a818bfeab099863a,0.6184
abaa87591059401aa7cacf5863a34f32,9db7d32d79024ba6a73c55fde6f55968,0.5848
f94a7e7419784d4ebda0ff5f8ef3c9f5,1a842f077119475794cc2de48e154374,0.9002
f94a7e7419784d4ebda0ff5f8ef3c9f5,00e9d4081c2f45d1a818bfeab099863a,0.6538
f94a7e7419784d4ebda0ff5f8ef3c9f5,9db7d32d79024ba6a73c55fde6f55968,0.6192
cecbc55e0fe942e186be8064a4ad80bf,1a842f077119475794cc2de48e154374,0.9529
cecbc55e0fe942e186be8064a4ad80bf,88f796c14d184ecfaa5b0109161db259,0.8864
cecbc55e0fe942e186be8064a4ad80bf,00e9d4081c2f45d1a818bfeab099863a,0.6191
cecbc55e0fe942e186be8064a4ad80bf,9db7d32d79024ba6a73c55fde6f55968,0.5886
80d47a70768e407bb5a1cd495387e011,88f796c14d184ecfaa5b0109161db259,0.7921
80d47a70768e407bb5a1cd495387e011,1a842f077119475794cc2de48e154374,0.7542
80d47a70768e407bb5a1cd495387e011,00e9d4081c2f45d1a818bfeab099863a,0.6870
80d47a70768e407bb5a1cd495387e011,9db7d32d79024ba6a73c55fde6f55968,0.6669
d1c3c4008d3a458ca5c2438615c3a113,3e923b6e3ceb4901b77c9a18729546eb,0.8890
d1c3c4008d3a458ca5c2438615c3a113,c2b49382e2f34b1c90013236a5fbaef0,0.7722
d1c3c4008d3a458ca5c2438615c3a113,74644c8cc17449cf89379868e7b21398,0.6968
d1c3c4008d3a458ca5c2438615c3a113,f31e9fdffaa642ed98e91b07a30f3a8c,0.6145
d1c3c4008d3a458ca5c2438615c3a113,d5ecdd142b544edca1b16ee83a9cf908,0.4500
d1c3c4008d3a458ca5c2438615c3a113,9452a2f21f7d4feeb2605d9b6647fc13,0.3207
86bed733c05f41519f76576710fcce05,3e923b6e3ceb4901b77c9a18729546eb,0.8356
86bed733c05f41519f76576710fcce05,5e0a2bc284cf4002914ae4e6aaef41e8,0.7997
86bed733c05f41519f76576710fcce05,74644c8cc17449cf89379868e7b21398,0.6975
86bed733c05f41519f76576710fcce05,c2b49382e2f34b1c90013236a5fbaef0,0.6643
86bed733c05f41519f76576710fcce05,f31e9fdffaa642ed98e91b07a30f3a8c,0.6529
86bed733c05f41519f76576710fcce05,d5ecdd142b544edca1b16ee83a9cf908,0.5225
86bed733c05f41519f76576710fcce05,9452a2f21f7d4feeb2605d9b6647fc13,0.3883
cb1eb8a8b7594957b332dec5dc590436,3e923b6e3ceb4901b77c9a18729546eb,0.8472
cb1eb8a8b7594957b332dec5dc590436,5e0a2bc284cf4002914ae4e6aaef41e8,0.8070
cb1eb8a8b7594957b332dec5dc590436,74644c8cc17449cf89379868e7b21398,0.6961
cb1eb8a8b7594957b332dec5dc590436,c2b49382e2f34b1c90013236a5fbaef0,0.6569
cb1eb8a8b7594957b332dec5dc590436,f31e9fdffaa642ed98e91b07a30f3a8c,0.6353
cb1eb8a8b7594957b332dec5dc590436,d5ecdd142b544edca1b16ee83a9cf908,0.4987
cb1eb8a8b7594957b332dec5dc590436,9452a2f21f7d4feeb2605d9b6647fc13,0.3691
7dfc06c380304101bd335775988b2fb2,3e923b6e3ceb4901b77c9a18729546eb,0.8794
7dfc06c380304101bd335775988b2fb2,c2b49382e2f34b1c90013236a5fbaef0,0.7611
7dfc06c380304101bd335775988b2fb2,74644c8cc17449cf89379868e7b21398,0.6914
7dfc06c380304101bd335775988b2fb2,f31e9fdffaa642ed98e91b07a30f3a8c,0.6087
7dfc06c380304101bd335775988b2fb2,d5ecdd142b544edca1b16ee83a9cf908,0.4348
999934829ec2429b967f27b051da6a53,5e0a2bc284cf4002914ae4e6aaef41e8,0.7398
999934829ec2429b967f27b051da6a53,3e923b6e3ceb4901b77c9a18729546eb,0.7040
999934829ec2429b967f27b051da6a53,f31e9fdffaa642ed98e91b07a30f3a8c,0.6227
999934829ec2429b967f27b051da6a53,74644c8cc17449cf89379868e7b21398,0.5697
999934829ec2429b967f27b051da6a53,d5ecdd142b544edca1b16ee83a9cf908,0.4308
999934829ec2429b967f27b051da6a53,9452a2f21f7d4feeb2605d9b6647fc13,0.3273
ed4102db144043b6952d6cb9acdcc007,7c061d36393540b49e20d98086bdb5bd,0.6980
ed4102db144043b6952d6cb9acdcc007,9ffa09a2b9bd4da0ba98fc537ca68802,0.4880
ed4102db144043b6952d6cb9acdcc007,1004b33e3126472faa78e1929ed974e6,0.4736
ed4102db144043b6952d6cb9acdcc007,3b7d56c26da14b3a9b1cd52b5b35891b,0.4476
ed4102db144043b6952d6cb9acdcc007,0228b1e9e3244da3a727930123ba7bda,0.4169
ed4102db144043b6952d6cb9acdcc007,9aca522158f443fd8a9caaec38ae5e2c,0.3931
0020ab6d2078440b870ebf4a01c0351f,7c061d36393540b49e20d98086bdb5bd,0.7004
0020ab6d2078440b870ebf4a01c0351f,9ffa09a2b9bd4da0ba98fc537ca68802,0.4738
0020ab6d2078440b870ebf4a01c0351f,1004b33e3126472faa78e1929ed974e6,0.4737
0020ab6d2078440b870ebf4a01c0351f,3b7d56c26da14b3a9b1cd52b5b35891b,0.4494
0020ab6d2078440b870ebf4a01c0351f,0228b1e9e3244da3a727930123ba7bda,0.4115
0020ab6d2078440b870ebf4a01c0351f,9aca522158f443fd8a9caaec38ae5e2c,0.3888
d3fc0aaff9224a678bb3210f1e8767ea,022e16490d1949b9ab2fc1de5a837031,0.6987
d3fc0aaff9224a678bb3210f1e8767ea,0228b1e9e3244da3a727930123ba7bda,0.6517
d3fc0aaff9224a678bb3210f1e8767ea,9aca522158f443fd8a9caaec38ae5e2c,0.5858
d3fc0aaff9224a678bb3210f1e8767ea,c5486d5e31084ee797da0ebdacb17abc,0.4461
d3fc0aaff9224a678bb3210f1e8767ea,3b7d56c26da14b3a9b1cd52b5b35891b,0.4357
d3fc0aaff9224a678bb3210f1e8767ea,9ffa09a2b9bd4da0ba98fc537ca68802,0.4275
d3fc0aaff9224a678bb3210f1e8767ea,1004b33e3126472faa78e1929ed974e6,0.4146
d3fc0aaff9224a678bb3210f1e8767ea,f2077addeb6142c8b3540916522126e8,0.3764
8b37e7b8f87749c48d81e99c8d376700,022e16490d1949b9ab2fc1de5a837031,0.6909
8b37e7b8f87749c48d81e99c8d376700,0228b1e9e3244da3a727930123ba7bda,0.6452
8b37e7b8f87749c48d81e99c8d376700,9aca522158f443fd8a9caaec38ae5e2c,0.5823
8b37e7b8f87749c48d81e99c8d376700,c5486d5e31084ee797da0ebdacb17abc,0.4448
8b37e7b8f87749c48d81e99c8d376700,3b7d56c26da14b3a9b1cd52b5b35891b,0.4255
8b37e7b8f87749c48d81e99c8d376700,9ffa09a2b9bd4da0ba98fc537ca68802,0.4206
8b37e7b8f87749c48d81e99c8d376700,1004b33e3126472faa78e1929ed974e6,0.4081
8b37e7b8f87749c48d81e99c8d376700,f2077addeb6142c8b3540916522126e8,0.3873
2e9248c10d1044a2a090d3fa4aa29fe5,f8856799293e49feab6368e794eb8b00,0.4272
8d4f78a13e3e4f569761273ba212d220,a9573f188204436090fb4a5240e4eccd,0.6866
8d4f78a13e3e4f569761273ba212d220,8dfe01febd46475ab5aef97033716ce1,0.4224
8d4f78a13e3e4f569761273ba212d220,babbeca1f6a244a2a11ea77a3855e70f,0.3408
5487b0f31d2343fea0caab9f145c7a40,,
678907f3b26242c9b3555311ee9dbf79,f8856799293e49feab6368e794eb8b00,0.4170
e69d128634c04bf0aebd7c02e123f5f6,,
2b8cd6d21f1d45bb8ae377278a33d5c6,babbeca1f6a244a2a11ea77a3855e70f,0.3589
73fbb300f6aa425590b0e4d909f7a1ae,,
9d66c66d77b74f5da8cab53f98ae38b0,babbeca1f6a244a2a11ea77a3855e70f,0.4218
56efccc089ce469697f14a0e2751fe90,403835bbf2f1447188bcc78e062b0028,0.3548
56efccc089ce469697f14a0e2751fe90,7584980704ae4617bb27ca162cc9c5db,0.3439
e31088791958477299febc77d6975d33,be8953cc364d46cebbcc2c2da2c348ab,0.4475
e31088791958477299febc77d6975d33,5e44915237fc4445b54b037e1c4e29a4,0.4255
8dfe042169ed4a25b339fab1a8f0f16d,be8953cc364d46cebbcc2c2da2c348ab,0.4476
8dfe042169ed4a25b339fab1a8f0f16d,5e44915237fc4445b54b037e1c4e29a4,0.4157
724bf6d6ea0d432996a6179d83a8742f,403835bbf2f1447188bcc78e062b0028,0.3848
724bf6d6ea0d432996a6179d83a8742f,7584980704ae4617bb27ca162cc9c5db,0.3576
5110e733136c4f9e9e3e0388147c41d3,bfd1d441da734aad88cfacdab3ee4059,0.6974
5110e733136c4f9e9e3e0388147c41d3,1ade4365590a4ac7865100d8c791e340,0.4242
d627c1b3e1d84eaf95b43f0b19887946,bfd1d441da734aad88cfacdab3ee4059,0.7373
d627c1b3e1d84eaf95b43f0b19887946,1ade4365590a4ac7865100d8c791e340,0.4198
62f80659cc834d849c6c533c0376e039,bfd1d441da734aad88cfacdab3ee4059,0.4688
ed92bb218d234e48ac3d86b2aa76aab3,bfd1d441da734aad88cfacdab3ee4059,0.5058
ff83f47b54ea45f188b7e4f0e1004b41,a865b8d581b44104afe7c8508e3486f5,0.4046
994020e88b914429981fbfe2cfa5e565,a865b8d581b44104afe7c8508e3486f5,0.3945
be1d69a178cf4f6eb0dd17f1c8ddaeec,910827a15eac4e4b9005d8e46ad71f6e,0.4082
be1d69a178cf4f6eb0dd17f1c8ddaeec,7ef653f7e5f64e1b8bba73b9518b87b7,0.3267
95430a01e9424f2fb85d7c054d48b095,a865b8d581b44104afe7c8508e3486f5,0.9036
95430a01e9424f2fb85d7c054d48b095,910827a15eac4e4b9005d8e46ad71f6e,0.3807
95430a01e9424f2fb85d7c054d48b095,7ef653f7e5f64e1b8bba73b9518b87b7,0.3236
2a4d82a3bc464739aa7001ddadab5941,199647bd1328406c83c5a875154f97d9,0.5581
7edf2ee95e36433ab46c330e885c1d39,82d68ea370f8451aa16ea08f4601245c,0.5530
c471650b1b634a97a2a0fa5c4c193821,199647bd1328406c83c5a875154f97d9,0.5449
ea67a7776ad641bb96024eb085c8da08,0cc5015848a044b59fa4b290813f859c,0.5420
ea67a7776ad641bb96024eb085c8da08,8b4e9e3d234e4eec99a7651e246bbfa3,0.3892
86595c214b4d48e6bf56a1b3d810b7b4,,
7e0717d2a2af4dd4ba5e3dd3d3f400a0,,
5192a81fd8094f908c353ed7b3066200,c14e45f5201b4038bdddddb238d888a3,0.6080
5192a81fd8094f908c353ed7b3066200,02e1d712f37e428c998f72e7a7eeb1e6,0.4966
5192a81fd8094f908c353ed7b3066200,db0c3a952e454b90aa4a68feb6a50e87,0.4607
5192a81fd8094f908c353ed7b3066200,22d9d5ad33e947fd857c5c4a8b7dfae1,0.3585
5192a81fd8094f908c353ed7b3066200,d87e5facd03b45f9829e8a1cd0fe0190,0.3220
19526db7bf344d92961055ab7ef1879f,c14e45f5201b4038bdddddb238d888a3,0.7816
19526db7bf344d92961055ab7ef1879f,fb8c2b83e46441c2aaa7c81d3642e2da,0.5053
19526db7bf344d92961055ab7ef1879f,02e1d712f37e428c998f72e7a7eeb1e6,0.4836
19526db7bf344d92961055ab7ef1879f,db0c3a952e454b90aa4a68feb6a50e87,0.3363
85d7d994d8a648c5a59c2973bb1bc507,75efe5ddef364f49865d9bb283492b48,0.9486
85d7d994d8a648c5a59c2973bb1bc507,32aaca2a732f4272b237374d3cdeec90,0.5132
85d7d994d8a648c5a59c2973bb1bc507,cc243eebbb2b44a581745865a60c423a,0.3300
2103b437c3c1452a96d8e7e1e5e20cc9,75efe5ddef364f49865d9bb283492b48,0.5407
21b1c7bbd46b4c41a0df6625bd007760,75efe5ddef364f49865d9bb283492b48,0.4904
16176b85fa7d4eea8ca712599e1d734c,84ff5144597241bba5cbd3d0b21d220d,0.5789
44a899ade12146e4b8343990c9980025,,
bf6b8d38a56c4b30b5e752bb54b78f62,3c72832689d8406996e80893b719b974,0.4068
b18687f1960d4a13bbb6477d2e14af49,,
d40db3ad6f6e4cb6ade7fff2ae8e6902,,
14ed0bcfd70f4e29b824ae027aa62fd7,,
67d233f58d224956a6992019e5ee4e52,,
a3afbfc200e74247b56879592dfebb6b,,
8d7604f278b740d4aeacdb8878c4346c,,
8ec2127576a4485793b9d92153318d43,,
626cb3b50e974ad681234aa162f908dc,6af17cec494c4373a95865d270a29171,0.5394
626cb3b50e974ad681234aa162f908dc,597aab8bb15240f89fd1b24a8e38258d,0.4748
626cb3b50e974ad681234aa162f908dc,acbf8eae7e064c11bab7adf66f216990,0.4423
626cb3b50e974ad681234aa162f908dc,bb5c7d03a54647d08b8c62deeb803271,0.4173
626cb3b50e974ad681234aa162f908dc,47eb17da319d440aa52da8008c26327a,0.3300
94f452ef32d5484fb3f57a09817b9f1d,d60986f4025d443ea58adba0e3d224a1,0.3920
535a28e902f348a580ea213312ceb00c,6af17cec494c4373a95865d270a29171,0.5449
535a28e902f348a580ea213312ceb00c,597aab8bb15240f89fd1b24a8e38258d,0.4807
535a28e902f348a580ea213312ceb00c,acbf8eae7e064c11bab7adf66f216990,0.4475
535a28e902f348a580ea213312ceb00c,bb5c7d03a54647d08b8c62deeb803271,0.4204
535a28e902f348a580ea213312ceb00c,47eb17da319d440aa52da8008c26327a,0.3305
e15e47a180cc428db81815b4d543f5b2,d60986f4025d443ea58adba0e3d224a1,0.3841
da51bfb867844c51948b40b82c100086,f5bcc6f48ed2447581b401d453039866,0.4305
ac80730acb08455c893a3d869cfc6da4,f5bcc6f48ed2447581b401d453039866,0.4538
ac80730acb08455c893a3d869cfc6da4,530b37164090408dbab4e6da51111b8a,0.3404
f9840dbad6f34d8dafdf0b5c3bf04cb8,095ac293b64a4a58b1b3d3f71453a267,0.4897
f9840dbad6f34d8dafdf0b5c3bf04cb8,f5bcc6f48ed2447581b401d453039866,0.4440
b5a9253e400f4be2a770d5cc396a168d,,
7225852aa975430d8fdd288151e7f0b1,,
a96d696a72654ee6b6dc50fd558310c7,,
37b367fa65f74351b74612f813c76536,,
08f68074e69745d0a65e386ce21fddc8,1d93c07de74c482ebf0a76ec564c3252,0.8856
08f68074e69745d0a65e386ce21fddc8,50aa0f56e00d4c23ac78b3e63bc0f0e1,0.5956
68465053fe3d4c0bb46ce2dd5bd8a32b,50aa0f56e00d4c23ac78b3e63bc0f0e1,0.6876
68465053fe3d4c0bb46ce2dd5bd8a32b,1d93c07de74c482ebf0a76ec564c3252,0.5439
893596ad13e54f2daf6287092d79d6ae,50aa0f56e00d4c23ac78b3e63bc0f0e1,0.7408
893596ad13e54f2daf6287092d79d6ae,1d93c07de74c482ebf0a76ec564c3252,0.5971
603dd3df1374474d9bb550bfa01147e6,1d93c07de74c482ebf0a76ec564c3252,0.5375
603dd3df1374474d9bb550bfa01147e6,50aa0f56e00d4c23ac78b3e63bc0f0e1,0.4215
02de17a638f94e98ac7dce22ddde14ee,5c644b51b1394a7b8fa0a9a6275c422d,0.9409
02de17a638f94e98ac7dce22ddde14ee,a2612682d9854a30a7684c91c8619ec9,0.6425
902d22a8d96c4f0ab484d880bfc2e287,a2612682d9854a30a7684c91c8619ec9,0.6473
ae7ab0c6a5a14d8e8586a9699557a7fd,5c644b51b1394a7b8fa0a9a6275c422d,0.6427
b0bed57573cb454590995348d9c3451b,e88ce4cd350f43398a5c0ab8629cee72,0.4322
7599a56ef38f493d9ee1b47c9ae8fb02,e88ce4cd350f43398a5c0ab8629cee72,0.4338
165c7dbc2b894793b9fb4752c3092399,d476be2399b7424a88d242b771c32041,0.5130
5d809a0446e94ce08823b0be4c6e85f3,d476be2399b7424a88d242b771c32041,0.8562
92568b35bd5b40c6860861e28db2deb2,9948a890ef25479e834f70944cb42eae,0.8009
92568b35bd5b40c6860861e28db2deb2,d476be2399b7424a88d242b771c32041,0.3324
158d18f87a6b42b483a70835afe005fe,,
0c0e949f7e9b48398fe5eff0d7dd803e,092cb872c8724c7681c50da9c6cfa252,0.3620
4ea8b345742042fd848e678d308fa183,26e55eb4d910464497d700bfdf5a36ca,0.3620
37bffb22be1b4b25a409e630b58bb3a7,a5d5fb459a1844088e93ae557ab34afe,0.7723
fdff932278894d1885bfbc905009ea46,,
55c258651d4f46ba879ad04a408ca3f8,26e55eb4d910464497d700bfdf5a36ca,0.3401
173024800a4148a59d834a44d0998dbe,06b7dd1b701544ac80dd7ca54ed707cf,0.5251
04f607a8dfdb4e6f8c795634b207e615,7070715ef90743da8691dd4ad134eb0c,0.6109
04f607a8dfdb4e6f8c795634b207e615,de1102228a324428989533278cd482f6,0.5153
29b78bc662074f5abb91b5e7ee16deb6,7070715ef90743da8691dd4ad134eb0c,0.7577
29b78bc662074f5abb91b5e7ee16deb6,06b7dd1b701544ac80dd7ca54ed707cf,0.6112
bf6af233a7fb4678bde3bcd210972057,7070715ef90743da8691dd4ad134eb0c,0.6024
bf6af233a7fb4678bde3bcd210972057,de1102228a324428989533278cd482f6,0.5124
3444cb452c4d4832b75091f5da7012db,7070715ef90743da8691dd4ad134eb0c,0.7766
3444cb452c4d4832b75091f5da7012db,06b7dd1b701544ac80dd7ca54ed707cf,0.6183
3444cb452c4d4832b75091f5da7012db,de1102228a324428989533278cd482f6,0.3334
8f00737911424dcdbc5360702808b86e,d7c9dafddaf547159d366dacf7b68a7e,0.3239
084019a95c9f43539a52748e0ee608d3,11e1e3cdfe214385a2c24d0f957dde9b,0.3556
d7fcb70c976c46d3a977d1bd3acaa7b4,11e1e3cdfe214385a2c24d0f957dde9b,0.3286
a44ce941098b4f6b948eb8588bd09fa7,11e1e3cdfe214385a2c24d0f957dde9b,0.7344
a44ce941098b4f6b948eb8588bd09fa7,d7c9dafddaf547159d366dacf7b68a7e,0.3698
1778aabe52c7435187be3eb1461b918a,11e1e3cdfe214385a2c24d0f957dde9b,0.3274
172e27e7700f4ca399b42d88a4f1c140,1c2b01416e3943e3b3c575e53c3f1d16,0.8567
172e27e7700f4ca399b42d88a4f1c140,be42a43f5186434db4f2815f768a9991,0.6103
172e27e7700f4ca399b42d88a4f1c140,18ab15fbf00f42f7a410ec75f7592bea,0.4050
7790838dcafa4412a5fc14b1cf3e7e95,1c2b01416e3943e3b3c575e53c3f1d16,0.8046
7790838dcafa4412a5fc14b1cf3e7e95,be42a43f5186434db4f2815f768a9991,0.5812
7790838dcafa4412a5fc14b1cf3e7e95,18ab15fbf00f42f7a410ec75f7592bea,0.4285
3106ad6941604756bf3bd61f1cd9709b,ca1a2a6308834baba3140b5ce8f81320,0.4082
3106ad6941604756bf3bd61f1cd9709b,1c2b01416e3943e3b3c575e53c3f1d16,0.3280
a2efa66a925344b8b896a8a0cfbb2661,,
e4c0fba56e824b5cb4b6aeb4700f2d76,,
6242d18df5cd4f5cb63a1105ffbd971e,,
dc46278e6e01447e8c262d2884fdd9bb,,
8ba5ddc596414a9695e18a68ace669d5,,
bc709d8a81a346b5aca36d4ffb49d234,13cda6e8f2d948eeb5508288a172e76f,0.6778
93bbe46e371c44f284f4487aa854a903,20297482a5014732a843c9fdafba548e,0.7863
93bbe46e371c44f284f4487aa854a903,13cda6e8f2d948eeb5508288a172e76f,0.3289
cd3c7eb34f6f4d45bcd3a71dd304f187,20297482a5014732a843c9fdafba548e,0.7069
cd3c7eb34f6f4d45bcd3a71dd304f187,13cda6e8f2d948eeb5508288a172e76f,0.3274
c900c56e641f49749087f609b8ab6f4b,13cda6e8f2d948eeb5508288a172e76f,0.6882
f747d567755a4d7a83b918fcff6e4b5c,eeb3b60f34af40de850e065b475d8180,0.3367
b52c282983934e3699bf0c6b64dc8d7c,eeb3b60f34af40de850e065b475d8180,0.3448
cb43fab6f1b147acbb71f39df054f667,0a2c24dead204be9ae36be358e1223f9,0.5238
cb43fab6f1b147acbb71f39df054f667,3b37a4c34b6e4ca89a04da864e141422,0.3250
c0ca3c37cd574f37a90afbcab9554fb9,0a2c24dead204be9ae36be358e1223f9,0.3304
0520b04de7b946fb84e99b6ae1269a1f,3b37a4c34b6e4ca89a04da864e141422,0.6261
0520b04de7b946fb84e99b6ae1269a1f,0a2c24dead204be9ae36be358e1223f9,0.3673
c7dcc094c48b40fd94db148562b6f0e9,0a2c24dead204be9ae36be358e1223f9,0.7474
c7dcc094c48b40fd94db148562b6f0e9,3b37a4c34b6e4ca89a04da864e141422,0.3739
ddd81e0cf0bf473caeae21db037c05f3,243dbbcdc67c42bfa6f32c47477adf6d,0.5278
c7a7fb2ef38346cab2c63eb4b30f835b,476ce3ffff564a5aa985808e7d2cab17,0.4897
53bb342b2fbb403cbc5546f80ef1cf70,243dbbcdc67c42bfa6f32c47477adf6d,0.5218
320e73d1bf40458380ad0ac60af40a94,476ce3ffff564a5aa985808e7d2cab17,0.4886
4a790fe3c73f4c1f9565d50067722fbf,,
b374c835abb74519904d89a6f4367ea2,076e2669c305401fb3afcfafdd6c79c7,0.3627
b374c835abb74519904d89a6f4367ea2,0c889c151e094b948c13b0275e660a9c,0.3463
b374c835abb74519904d89a6f4367ea2,0b57f893483647c3aed811775a4c4c04,0.3333
358dc33d74d3427697ddadedc1d2a83e,076e2669c305401fb3afcfafdd6c79c7,0.3458
1840d3d379eb48cc97d68a3c7ece76a0,74de04f31db94a99b757685c91779412,0.4368
1840d3d379eb48cc97d68a3c7ece76a0,04d24d1cf42b4f7787d8d300cbad6d50,0.4228
11c35b811aae4a88b9417172320999bb,ef511457ee7c490c8e10eccf6e18fef6,0.4374
11c35b811aae4a88b9417172320999bb,dd36cc0867b94d55a43b82c1c9a0e95c,0.4321
6dbd11275bf1493ca16a6492ba2f511c,74de04f31db94a99b757685c91779412,0.4435
6dbd11275bf1493ca16a6492ba2f511c,04d24d1cf42b4f7787d8d300cbad6d50,0.4213
26f693acd01d492bae2384f853a7924a,dd36cc0867b94d55a43b82c1c9a0e95c,0.4505
26f693acd01d492bae2384f853a7924a,ef511457ee7c490c8e10eccf6e18fef6,0.4255
9ec6567a98fa4b3bb0c40f6580f8688e,7199f2fe77824236a392e1f00a5bdfc3,0.8831
9ec6567a98fa4b3bb0c40f6580f8688e,3aaea7fa41fd43cdb88f8ef59062c5df,0.7844
9ec6567a98fa4b3bb0c40f6580f8688e,ff276acede2f4c14876ef47257758ae8,0.7272
9ec6567a98fa4b3bb0c40f6580f8688e,f6507bae2aaa4785842167f8320428b3,0.5719
d16732c065604317b9457f0f53b9e356,ff276acede2f4c14876ef47257758ae8,0.8176
d16732c065604317b9457f0f53b9e356,7199f2fe77824236a392e1f00a5bdfc3,0.7873
d16732c065604317b9457f0f53b9e356,f6507bae2aaa4785842167f8320428b3,0.4944
805041534e3944d4bf48b927f4e971e1,3aaea7fa41fd43cdb88f8ef59062c5df,0.7012
805041534e3944d4bf48b927f4e971e1,7199f2fe77824236a392e1f00a5bdfc3,0.6215
805041534e3944d4bf48b927f4e971e1,f6507bae2aaa4785842167f8320428b3,0.3485
f25d93d4fff845dbba58d34a9ba4da56,7199f2fe77824236a392e1f00a5bdfc3,0.9034
f25d93d4fff845dbba58d34a9ba4da56,3aaea7fa41fd43cdb88f8ef59062c5df,0.7660
f25d93d4fff845dbba58d34a9ba4da56,ff276acede2f4c14876ef47257758ae8,0.7072
f25d93d4fff845dbba58d34a9ba4da56,f6507bae2aaa4785842167f8320428b3,0.5937
ae2ef12666344157a4a58eb1012bea10,7ef653f7e5f64e1b8bba73b9518b87b7,0.9554
ae2ef12666344157a4a58eb1012bea10,878e5c41be5c477e9f660ca361fdd727,0.6774
ae2ef12666344157a4a58eb1012bea10,f3fddb55448a46778b5d807642cceb71,0.5876
ae2ef12666344157a4a58eb1012bea10,cb550e5ff4694fe9a19eaa6588cef250,0.5513
ae2ef12666344157a4a58eb1012bea10,a865b8d581b44104afe7c8508e3486f5,0.3292
c007e0935fe7472a9ef764a15c2bae1a,7ef653f7e5f64e1b8bba73b9518b87b7,0.8410
c007e0935fe7472a9ef764a15c2bae1a,878e5c41be5c477e9f660ca361fdd727,0.5959
c007e0935fe7472a9ef764a15c2bae1a,f3fddb55448a46778b5d807642cceb71,0.5195
c007e0935fe7472a9ef764a15c2bae1a,cb550e5ff4694fe9a19eaa6588cef250,0.4483
ca758fdcdecf418c8193105975e32b5a,7ef653f7e5f64e1b8bba73b9518b87b7,0.6727
ca758fdcdecf418c8193105975e32b5a,878e5c41be5c477e9f660ca361fdd727,0.5556
ca758fdcdecf418c8193105975e32b5a,f3fddb55448a46778b5d807642cceb71,0.4877
ca758fdcdecf418c8193105975e32b5a,cb550e5ff4694fe9a19eaa6588cef250,0.4145
62d4e090de42404b884cdf0aeea36d2d,,
4a90414f82f14268928f92849227e3e4,,
8b1b59a271e64b7d92225d1479ab0fa0,,
31555c3dbb51459eb52da0ce111a5382,,
bb7eb4ba9b5943b6a61ff124ef6239b4,77d8e01a914d4f4a8b87d407e0d741aa,0.3510
e1d35002bf604e59a1a055673b110d7b,,
409ee169523c45b0935d17521c001655,77d8e01a914d4f4a8b87d407e0d741aa,0.5528
409ee169523c45b0935d17521c001655,64d9091426f9461c97c98a5428856bcf,0.3477
3c0da2e0535d4efab77b6201db1866d3,f2ef424352f14dda92691047ee9f15fa,0.3555
3c0da2e0535d4efab77b6201db1866d3,7ab9086baf99475d8c93862a7dd36344,0.3437
1693abbd511b40648b18f87e485be585,19b81e71e7f04ebcbfade9daa899ed3d,0.8603
220c7fef1fe54586b4f4c4ac80924512,f2ef424352f14dda92691047ee9f15fa,0.4777
220c7fef1fe54586b4f4c4ac80924512,7326afe68eb64b63993b3dae022c645d,0.4223
995e4d102a3b41e3b4c81d2e30253554,5760084aabef4d8095b2d21902151f64,0.5161
995e4d102a3b41e3b4c81d2e30253554,7326afe68eb64b63993b3dae022c645d,0.3294
32b2409ee0304c6f8c633cf2838fc107,d9b70c4ed8bb4fc5957ecebf102528ee,0.8920
38393c2659214de8b744a8747b3060da,,
b1fb22cca72c471fbf933b076b3ba471,,
c425735cc2d645f89ae700274561ff76,0bd1cce9370a461089e25393086800a8,0.4953
c425735cc2d645f89ae700274561ff76,225818abe99e45a0bf5b0b3ec30db76b,0.3491
c425735cc2d645f89ae700274561ff76,6f57d1175ad243edada61643d01fcd54,0.3333
d37fad90466d41fb99cc1281af258b44,d9ac372330a4446886fa19bac0d19877,0.4539
8f59b2636caf43f29362aad398734e84,0bd1cce9370a461089e25393086800a8,0.4815
8f59b2636caf43f29362aad398734e84,225818abe99e45a0bf5b0b3ec30db76b,0.3315
8f59b2636caf43f29362aad398734e84,6f57d1175ad243edada61643d01fcd54,0.3294
92e239ee1c9942eda10a987e5a192aad,d9ac372330a4446886fa19bac0d19877,0.9146
92e239ee1c9942eda10a987e5a192aad,56272326c7e94e419ea8c69fb634f610,0.4731
6ca76ef7aa7d4121a75374b29ba7d263,d9ac372330a4446886fa19bac0d19877,0.4442
2cdba5196ffe4c8797018ef98b7a52c4,,
8e69932dfcf247039202e839e2e4ad92,,
c876e09aeff84624b8a01d61b99fed1f,,
660e576505194cfbb8e673b09a078b98,,
795efbe9c2fe4b3dbc173c89167f9163,211ef3181e524685866fb8574d9bf456,0.3901
2be3682989f94c34b19ee0da04571f91,211ef3181e524685866fb8574d9bf456,0.3930
2be3682989f94c34b19ee0da04571f91,36ac84a73ad34261ad45cf569edb60af,0.3237
68215d17cd25495b93f219bc1621c8aa,,
701794a02e204afbbbd3a8689e7eb5f0,,
fc791f8358f54a66be0e95f809bc8e2d,7aceed0dbea645b091207f4a53d879f2,0.6803
fc791f8358f54a66be0e95f809bc8e2d,1099cb6f4fac4eb8a1fb6db50e18296b,0.5809
fc791f8358f54a66be0e95f809bc8e2d,db13ed5446be46269dff3de3c1bf2660,0.4737
24729e6784174289859f89243ee3228c,84581d81d46d44bc99ffb8f871646a7a,0.4949
24729e6784174289859f89243ee3228c,1099cb6f4fac4eb8a1fb6db50e18296b,0.4648
24729e6784174289859f89243ee3228c,7aceed0dbea645b091207f4a53d879f2,0.3920
ca6805db708f46198fe4e47abb975231,8987ceafff324f9599b842542e37eddd,0.3747
98ab5e0cc5f8413e993869c9729b464d,17b5eb6fab65476f827dd355b4a20a55,0.3278
6cd0e8707bc64b2a808ed3479ee223ab,acbf8eae7e064c11bab7adf66f216990,0.9376
6cd0e8707bc64b2a808ed3479ee223ab,597aab8bb15240f89fd1b24a8e38258d,0.8635
6cd0e8707bc64b2a808ed3479ee223ab,6af17cec494c4373a95865d270a29171,0.8587
6cd0e8707bc64b2a808ed3479ee223ab,097c30a7f39a4a3abf6da2ca80cad3a5,0.4590
6cd0e8707bc64b2a808ed3479ee223ab,36ee1613abf245cdbe93fef69b5f981f,0.3807
6cd0e8707bc64b2a808ed3479ee223ab,47eb17da319d440aa52da8008c26327a,0.3706
dbec5198890f4c209fd8ef08d73c40ce,acbf8eae7e064c11bab7adf66f216990,0.8910
dbec5198890f4c209fd8ef08d73c40ce,6af17cec494c4373a95865d270a29171,0.8718
dbec5198890f4c209fd8ef08d73c40ce,097c30a7f39a4a3abf6da2ca80cad3a5,0.5298
dbec5198890f4c209fd8ef08d73c40ce,47eb17da319d440aa52da8008c26327a,0.4199
dbec5198890f4c209fd8ef08d73c40ce,36ee1613abf245cdbe93fef69b5f981f,0.4047
ee7c4fd5b21848a380cf4e90f9f5cdca,acbf8eae7e064c11bab7adf66f216990,0.9337
ee7c4fd5b21848a380cf4e90f9f5cdca,597aab8bb15240f89fd1b24a8e38258d,0.8784
ee7c4fd5b21848a380cf4e90f9f5cdca,6af17cec494c4373a95865d270a29171,0.8749
ee7c4fd5b21848a380cf4e90f9f5cdca,097c30a7f39a4a3abf6da2ca80cad3a5,0.5015
ee7c4fd5b21848a380cf4e90f9f5cdca,47eb17da319d440aa52da8008c26327a,0.3916
ee7c4fd5b21848a380cf4e90f9f5cdca,36ee1613abf245cdbe93fef69b5f981f,0.3845
b0a8fa5a4b474306b97fd69abcdc245f,6af17cec494c4373a95865d270a29171,0.9418
b0a8fa5a4b474306b97fd69abcdc245f,acbf8eae7e064c11bab7adf66f216990,0.8687
b0a8fa5a4b474306b97fd69abcdc245f,597aab8bb15240f89fd1b24a8e38258d,0.8655
b0a8fa5a4b474306b97fd69abcdc245f,097c30a7f39a4a3abf6da2ca80cad3a5,0.5833
b0a8fa5a4b474306b97fd69abcdc245f,47eb17da319d440aa52da8008c26327a,0.4104
b0a8fa5a4b474306b97fd69abcdc245f,36ee1613abf245cdbe93fef69b5f981f,0.4013
2c22ed57d17c4aa097b37805a50b9294,31a2675a2e944a1ab3b810cfb92ebd34,0.4506
2c22ed57d17c4aa097b37805a50b9294,0842a796c09b4089933a4f27e4e5e3bc,0.3956
ee0bdf8b7e3142509f97816c8fae19bd,86f59bd78b424260b0cf356f2f9ae734,0.6988
ee0bdf8b7e3142509f97816c8fae19bd,d0b6e9c1cc5341faba9e03c17767bc2e,0.6501
ee0bdf8b7e3142509f97816c8fae19bd,31a2675a2e944a1ab3b810cfb92ebd34,0.5334
ee0bdf8b7e3142509f97816c8fae19bd,0842a796c09b4089933a4f27e4e5e3bc,0.4328
a0b880f475f147f08f11e0a27dc48fde,7ab9086baf99475d8c93862a7dd36344,0.4751
a0b880f475f147f08f11e0a27dc48fde,342aaa81ed004635bbf9cbc2592cd7b6,0.3238
fad484e776d145428e5c2ae92aec4908,7ab9086baf99475d8c93862a7dd36344,0.3316
fad484e776d145428e5c2ae92aec4908,2b039224b54142d185a406b31fe01de2,0.3270
f2b99340a8304f42a058a44fd793927c,7ab9086baf99475d8c93862a7dd36344,0.4877
9ad1273ff93d4e9fb7ade33dd8e0ed98,7ab9086baf99475d8c93862a7dd36344,0.3347
50cb33eef1b94f6c82103b39c1b98881,47eb17da319d440aa52da8008c26327a,0.6542
50cb33eef1b94f6c82103b39c1b98881,236c362d8b664c93b41882c119df9706,0.5760
50cb33eef1b94f6c82103b39c1b98881,597aab8bb15240f89fd1b24a8e38258d,0.3813
50cb33eef1b94f6c82103b39c1b98881,6af17cec494c4373a95865d270a29171,0.3640
50cb33eef1b94f6c82103b39c1b98881,acbf8eae7e064c11bab7adf66f216990,0.3327
7990224cfabd448689a4ce3026d9fe41,47eb17da319d440aa52da8008c26327a,0.8254
7990224cfabd448689a4ce3026d9fe41,36ee1613abf245cdbe93fef69b5f981f,0.6183
7990224cfabd448689a4ce3026d9fe41,597aab8bb15240f89fd1b24a8e38258d,0.4456
7990224cfabd448689a4ce3026d9fe41,236c362d8b664c93b41882c119df9706,0.4421
7990224cfabd448689a4ce3026d9fe41,6af17cec494c4373a95865d270a29171,0.4188
7990224cfabd448689a4ce3026d9fe41,acbf8eae7e064c11bab7adf66f216990,0.3993
7990224cfabd448689a4ce3026d9fe41,097c30a7f39a4a3abf6da2ca80cad3a5,0.3733
fde89e1ecf8840fdbb45c55139eec70f,47eb17da319d440aa52da8008c26327a,0.8124
fde89e1ecf8840fdbb45c55139eec70f,36ee1613abf245cdbe93fef69b5f981f,0.6186
fde89e1ecf8840fdbb45c55139eec70f,236c362d8b664c93b41882c119df9706,0.4431
fde89e1ecf8840fdbb45c55139eec70f,597aab8bb15240f89fd1b24a8e38258d,0.4313
fde89e1ecf8840fdbb45c55139eec70f,6af17cec494c4373a95865d270a29171,0.4039
fde89e1ecf8840fdbb45c55139eec70f,acbf8eae7e064c11bab7adf66f216990,0.3792
fde89e1ecf8840fdbb45c55139eec70f,097c30a7f39a4a3abf6da2ca80cad3a5,0.3790
7141972968b840058e50af9c047f1975,47eb17da319d440aa52da8008c26327a,0.6653
7141972968b840058e50af9c047f1975,236c362d8b664c93b41882c119df9706,0.6100
7141972968b840058e50af9c047f1975,597aab8bb15240f89fd1b24a8e38258d,0.4012
7141972968b840058e50af9c047f1975,6af17cec494c4373a95865d270a29171,0.3833
7141972968b840058e50af9c047f1975,acbf8eae7e064c11bab7adf66f216990,0.3586
978ff949184e4cfcaa6168bf5ec8b635,,
e8d5f4039a4c41ca879ab577cb031ff6,,
652ddece31c14123bb00ca0f797d5627,c3502ff31ce6459a96164c934f297562,0.6349
35b575c8f0a94d4691d7fa9a39e399be,,
9137d9f3709b476a856868040dd81177,,
19e0f2444bd641bb81c4b9604f3c5b79,2c8eafa0ff26437a862dc2224ab57073,0.5596
f8922388774b4a008a6c8d856099d30f,6bde760ad5d4485db9889b1bdc074005,0.4797
d6305586e401475b931a4998caeab35e,6bde760ad5d4485db9889b1bdc074005,0.5992
b1b3c914d57442e687d0d798f678582d,0e8487b2e6a2439b9e6623a1e2e5e19d,0.6680
1e71c6d2af1b4a24867e8235df8f68be,3f28365e18244eb28cc7d23de8895956,0.6706
1e71c6d2af1b4a24867e8235df8f68be,f4b7e6e902e344859cb041126b69ce3c,0.3949
1e71c6d2af1b4a24867e8235df8f68be,48c31b1e2ce94de8968fab433813fa91,0.3899
10a5c96cf3974eb4a43ee1190f555041,3f28365e18244eb28cc7d23de8895956,0.6520
10a5c96cf3974eb4a43ee1190f555041,48c31b1e2ce94de8968fab433813fa91,0.3959
10a5c96cf3974eb4a43ee1190f555041,f4b7e6e902e344859cb041126b69ce3c,0.3705
10a5c96cf3974eb4a43ee1190f555041,a7077a82d2c74518b96fb45e35f6e150,0.3234
e06807ddbe0f47fbb2131d40df566c5d,0e8487b2e6a2439b9e6623a1e2e5e19d,0.6648
f191bbfff07e4252b111e35c94ed290e,,
3933d083cd9e45fdb173f91329f16538,,
643c0eec1efd4728b8264ce4fed0d3d8,8350ea8cd6514c2c8d7b625abe7e895b,0.4591
643c0eec1efd4728b8264ce4fed0d3d8,3827ad869b3740278b98db4e65c40e0c,0.4299
effe6696627f429091a6dd53f02eefb5,,
8fb15d3cacbd407bb226320c3829b9d1,8350ea8cd6514c2c8d7b625abe7e895b,0.4540
8fb15d3cacbd407bb226320c3829b9d1,3ec67e948e15423fac23fdd38a7d4cca,0.4237
9c535651e4904df1a59b82bd2baf303f,40f040fd5c824c8e8e710af1fdf70b5f,0.7575
9c535651e4904df1a59b82bd2baf303f,10b152bdafe94db8a93f7c374226a071,0.6233
9c535651e4904df1a59b82bd2baf303f,beccee3a988f48c1ad207e2380766fa4,0.5601
9c535651e4904df1a59b82bd2baf303f,ec5fe0d3a2a2426ea4e49a5c0ad44e04,0.4939
aa2f3a01706344a289a355c547d3ba1f,40f040fd5c824c8e8e710af1fdf70b5f,0.7647
aa2f3a01706344a289a355c547d3ba1f,10b152bdafe94db8a93f7c374226a071,0.6275
aa2f3a01706344a289a355c547d3ba1f,beccee3a988f48c1ad207e2380766fa4,0.5657
aa2f3a01706344a289a355c547d3ba1f,ec5fe0d3a2a2426ea4e49a5c0ad44e04,0.4947
67c8a3a3a76f47dca5dffc57df701923,aaab880f032a4e00904cf50566164044,0.7638
67c8a3a3a76f47dca5dffc57df701923,10b152bdafe94db8a93f7c374226a071,0.6163
67c8a3a3a76f47dca5dffc57df701923,beccee3a988f48c1ad207e2380766fa4,0.5336
67c8a3a3a76f47dca5dffc57df701923,ec5fe0d3a2a2426ea4e49a5c0ad44e04,0.4662
517a4c8e0e5e4627b780d2ab38493bcc,,
80e36297d12e404b9094dc65f4ffd3d4,5b588e34588940788a22036b775ecc2f,0.5397
b5f4062f90b440998365198d9656fe97,5b588e34588940788a22036b775ecc2f,0.5134
0471ac805c4b456db243f0805797f2dc,e0d8aee46b1d4d998858cd05027251b6,0.6126
72d5e8cd4b71425f86534cb71655d3a0,595e438d2b394bb3a3259f47efd37ae8,0.9161
72d5e8cd4b71425f86534cb71655d3a0,e0d8aee46b1d4d998858cd05027251b6,0.6041
7c6759369d574b4cadfde359fe6eb481,595e438d2b394bb3a3259f47efd37ae8,0.6064
bba1dbc4ebc4401eb489ace7cdfe3d62,595e438d2b394bb3a3259f47efd37ae8,0.6167
fb8a64be87ed4691b554bac222e157ab,503d2f067a8a4f5798b1c64b07ab0bc5,0.4979
af9351fd1bff4f5bb9e89603c818f703,503d2f067a8a4f5798b1c64b07ab0bc5,0.5347
9a2ba0ba753c40439a29734968bde279,503d2f067a8a4f5798b1c64b07ab0bc5,0.5219
b92407443bc54ed2805842ca07219659,503d2f067a8a4f5798b1c64b07ab0bc5,0.4969
79f37cf5db664eceb1acbe56e59fdba2,b9228fdb5f0c413d81cffb51829d95c6,0.6959
79f37cf5db664eceb1acbe56e59fdba2,225818abe99e45a0bf5b0b3ec30db76b,0.4719
79f37cf5db664eceb1acbe56e59fdba2,df5ca61304074da1bec8f536ab50baf3,0.4361
8d3b90a569d64372a82d9a26b511d43b,c756409435634fc48c643a64e73c93ce,0.6663
8d3b90a569d64372a82d9a26b511d43b,df5ca61304074da1bec8f536ab50baf3,0.5697
8d3b90a569d64372a82d9a26b511d43b,225818abe99e45a0bf5b0b3ec30db76b,0.5179
9203f26b661c4f00976012cebd86ad3e,c756409435634fc48c643a64e73c93ce,0.6988
9203f26b661c4f00976012cebd86ad3e,df5ca61304074da1bec8f536ab50baf3,0.5828
9203f26b661c4f00976012cebd86ad3e,225818abe99e45a0bf5b0b3ec30db76b,0.5430
bbfbeffe205f44cd8c5bd867f70dc0cf,b9228fdb5f0c413d81cffb51829d95c6,0.7066
bbfbeffe205f44cd8c5bd867f70dc0cf,225818abe99e45a0bf5b0b3ec30db76b,0.4412
bbfbeffe205f44cd8c5bd867f70dc0cf,df5ca61304074da1bec8f536ab50baf3,0.4222
24b76ac90a84462d903374be9d0b2c6f,dcfb738ebbc24f09bb680fe3a52b702e,0.7801
24b76ac90a84462d903374be9d0b2c6f,21019944fc2c4838a682a6dcdc62c4ef,0.4597
24b76ac90a84462d903374be9d0b2c6f,e4ee90d625d44a6d9adc138390eef0f8,0.3819
24b76ac90a84462d903374be9d0b2c6f,44b3bc5953364d72a53edcf9fc4f1fed,0.3519
eeabc5200c23495e9decc640bc81697b,dcfb738ebbc24f09bb680fe3a52b702e,0.7890
eeabc5200c23495e9decc640bc81697b,21019944fc2c4838a682a6dcdc62c4ef,0.4623
eeabc5200c23495e9decc640bc81697b,e4ee90d625d44a6d9adc138390eef0f8,0.3897
eeabc5200c23495e9decc640bc81697b,44b3bc5953364d72a53edcf9fc4f1fed,0.3403
f7df9ff1967f4b5aad8cb6deb163fa95,200f7fc78e4c403982f61b2894e50bad,0.4968
f7df9ff1967f4b5aad8cb6deb163fa95,e4ee90d625d44a6d9adc138390eef0f8,0.4457
f7df9ff1967f4b5aad8cb6deb163fa95,dcfb738ebbc24f09bb680fe3a52b702e,0.4121
f7df9ff1967f4b5aad8cb6deb163fa95,7d6cdff8c9ac434196df803628fe9f62,0.3694
aa188e907acd4beab124f5f8ad0694d1,e4ee90d625d44a6d9adc138390eef0f8,0.4752
aa188e907acd4beab124f5f8ad0694d1,200f7fc78e4c403982f61b2894e50bad,0.4025
aa188e907acd4beab124f5f8ad0694d1,dcfb738ebbc24f09bb680fe3a52b702e,0.3916
aa188e907acd4beab124f5f8ad0694d1,7d6cdff8c9ac434196df803628fe9f62,0.3453
aa188e907acd4beab124f5f8ad0694d1,21019944fc2c4838a682a6dcdc62c4ef,0.3275
dcab7d1f66534e95aab82c2040294de9,9bf3b77eb9874f5f9e006a9cff111ea9,0.5527
432081bba65f4c408b3f3783b0d361dc,9bf3b77eb9874f5f9e006a9cff111ea9,0.5341
c385a042fa734b73b1bcbec2e14a9dd0,ac5a760b45c146ec840193371cfb2d30,0.5628
0b33aed54f7445caadc031f47ad62603,ac5a760b45c146ec840193371cfb2d30,0.5610
8954e57cd5544eba8d9fec1e8cc5ea3c,9dd98c9126c44642a20711729f2e731e,0.4259
285ed58a8d154d748bba60ef4ef0123d,9dd98c9126c44642a20711729f2e731e,0.4618
285ed58a8d154d748bba60ef4ef0123d,1578afd6ce694d46ab6e24f965f51fd6,0.3782
9a11a8c9bd5f451c8babd3c4dde3d9ba,,
68931fb463ea43e2b4aaebfa95817d2c,,
ee38dd3bcc4543afa6668b1cb7f04db9,b40d3c588ad647ff85e397a6bc5f9d8b,0.3636
0c11c50aaac54a2c8cc725ff6073ce3c,e903085a3f944ad2a41c37306b4e6ab4,0.8538
b092fbf434e14ff3911418a406a68bd4,,
76d9f443399e491c9b01f4bb0f487d6c,,
1479ab485d6f4065a6b3679d81d7e6a8,,
ff9cb85ab2634f23a327ccaa9cf1e87f,,
041fe9a0e0e3466eaee94e0c5058d4dd,48c31b1e2ce94de8968fab433813fa91,0.4998
041fe9a0e0e3466eaee94e0c5058d4dd,f1eecad10a61421eb16b1be7435d9c19,0.4939
041fe9a0e0e3466eaee94e0c5058d4dd,66690895454847fea5a000202fbfab2e,0.4122
041fe9a0e0e3466eaee94e0c5058d4dd,c235728f290a44d6a5fc2e14111ae02e,0.3358
63ce6205810547c2adaa5dc2398e9bf7,f1eecad10a61421eb16b1be7435d9c19,0.4087
701bc8401f56437f823f5613549de41d,,
f9d2d9f3c3fb4720ba92d227f72aeef0,,
127069977daa41d78cd4642f658c4171,,
11d8ba0cbe2c48568a2d0196a1573e16,,
e1b3f03ec240460c895264f738a709ec,a0b4d283f12a407286dbeaa3a4d128a5,0.3374
e8ef2c2c7af746118efa2021eab8a25a,93dc50abd35349f7923100dca2f41002,0.4144
e8ef2c2c7af746118efa2021eab8a25a,1aaf8edc37ea412b85e3d1b5c5317051,0.3359
eeb2317fd71541c38fd867e246a9ff44,93dc50abd35349f7923100dca2f41002,0.4144
eeb2317fd71541c38fd867e246a9ff44,1aaf8edc37ea412b85e3d1b5c5317051,0.3281
842dd9ced22a40a896de94a19a1d2d4c,a0b4d283f12a407286dbeaa3a4d128a5,0.3597
eb6b0705f8744b46a462efa41f20a89a,fe363cef357840fcb35f320fe7c27e4e,0.9337
eb6b0705f8744b46a462efa41f20a89a,8ad1f345ca194b29bde0a924f27b2de5,0.7239
eb6b0705f8744b46a462efa41f20a89a,116f6c1f0cb54312986a0a729508a33e,0.4446
eb6b0705f8744b46a462efa41f20a89a,1c6bbf19b3d2498696a5baf0f53a0f18,0.3237
482dd5c933c94587b3946517c235aea3,,
714cfd813314481cb74ce1598ae2d695,,
1905289530434d1ea5a686725d2aa4a7,44b3bc5953364d72a53edcf9fc4f1fed,0.3892
1905289530434d1ea5a686725d2aa4a7,e4ee90d625d44a6d9adc138390eef0f8,0.3741
c939d86a19284f6485029452c1dd5906,44b3bc5953364d72a53edcf9fc4f1fed,0.3974
c939d86a19284f6485029452c1dd5906,e4ee90d625d44a6d9adc138390eef0f8,0.3694
14683a06fc90460097ce4e4db0e55f16,200f7fc78e4c403982f61b2894e50bad,0.3899
14683a06fc90460097ce4e4db0e55f16,7d6cdff8c9ac434196df803628fe9f62,0.3473
14683a06fc90460097ce4e4db0e55f16,dcfb738ebbc24f09bb680fe3a52b702e,0.3270
ba76e2fc0cc240a293e65f918ef3f29b,44b3bc5953364d72a53edcf9fc4f1fed,0.7126
ba76e2fc0cc240a293e65f918ef3f29b,7d6cdff8c9ac434196df803628fe9f62,0.4249
ba76e2fc0cc240a293e65f918ef3f29b,200f7fc78e4c403982f61b2894e50bad,0.4028
ba76e2fc0cc240a293e65f918ef3f29b,dcfb738ebbc24f09bb680fe3a52b702e,0.3955
56178bece80e4c44a6a45d630a70742c,bce599075dfd4fac8dd78626106e3071,0.4887
60ae797aa8bb4341829f83d0b771ab36,bce599075dfd4fac8dd78626106e3071,0.4923
539bac7dd76e434db2fec777565e0d2e,,
5305b4e53d154b1890d851d40a749099,41047823f2cb4194ba1e0709443c719a,0.3837
5305b4e53d154b1890d851d40a749099,fa190e42ce5a47c99bcaa76138dbc615,0.3737
a7570f9b55c24fb0bac3c9e4edf6d60e,,
5ad1f88ed9ed488dafbdf8181733f084,41047823f2cb4194ba1e0709443c719a,0.7879
0e302f85dcbe44f1bc67317ce56268d8,7960902edf4b47d686f704441aa56b0e,0.6325
0e302f85dcbe44f1bc67317ce56268d8,35d06fce2df446569702778e2250bd82,0.5455
0e302f85dcbe44f1bc67317ce56268d8,d75a52d716984f318f976bbfc7bee787,0.5354
0e302f85dcbe44f1bc67317ce56268d8,b3a022950e444682a113cec5a0537f6a,0.3925
0e302f85dcbe44f1bc67317ce56268d8,04537eabb0434eb2804d1220770b85a0,0.3650
0e302f85dcbe44f1bc67317ce56268d8,97959d02a64f4a3fbbebe7cbece6c012,0.3382
0e302f85dcbe44f1bc67317ce56268d8,c1def54262224e23acf67a9870725ce5,0.3361
392705089c6b4b8cbcde900d0fff9622,7960902edf4b47d686f704441aa56b0e,0.6250
392705089c6b4b8cbcde900d0fff9622,35d06fce2df446569702778e2250bd82,0.5641
392705089c6b4b8cbcde900d0fff9622,d75a52d716984f318f976bbfc7bee787,0.5320
392705089c6b4b8cbcde900d0fff9622,b3a022950e444682a113cec5a0537f6a,0.3895
392705089c6b4b8cbcde900d0fff9622,04537eabb0434eb2804d1220770b85a0,0.3707
392705089c6b4b8cbcde900d0fff9622,97959d02a64f4a3fbbebe7cbece6c012,0.3657
392705089c6b4b8cbcde900d0fff9622,c1def54262224e23acf67a9870725ce5,0.3305
3d450234080f488aa71b15f195d1b4f1,b3a022950e444682a113cec5a0537f6a,0.5039
3d450234080f488aa71b15f195d1b4f1,570f08ce2a1a47978eab16bf7ad16a68,0.4630
3d450234080f488aa71b15f195d1b4f1,215f3d275db14601a0383885cbaad86e,0.4528
3d450234080f488aa71b15f195d1b4f1,f4474150010f4021a4620372062f3797,0.4188
7adb641772574f79bca7f5c97071108e,8ebbcf8e4e6f400ba1839e9d75806274,0.4804
7adb641772574f79bca7f5c97071108e,07d869789eda4445a1ecfe59c331db0d,0.4297
470a0e2305e5411f992154553c12bfcd,07d869789eda4445a1ecfe59c331db0d,0.6594
470a0e2305e5411f992154553c12bfcd,00614d60b3544ba790dfd23dd53992e0,0.5732
470a0e2305e5411f992154553c12bfcd,8ebbcf8e4e6f400ba1839e9d75806274,0.4629
470a0e2305e5411f992154553c12bfcd,761a3a01495143f0a86beac4234cae3a,0.3570
470a0e2305e5411f992154553c12bfcd,d37bf09399d848df9a4d880fb097239c,0.3490
f82f3fa0a3af48208d53dbf813b19b11,8ebbcf8e4e6f400ba1839e9d75806274,0.4838
f82f3fa0a3af48208d53dbf813b19b11,07d869789eda4445a1ecfe59c331db0d,0.4256
cbd2d2ff355d4f0399b9fc51697c9fd7,00614d60b3544ba790dfd23dd53992e0,0.4906
cbd2d2ff355d4f0399b9fc51697c9fd7,07d869789eda4445a1ecfe59c331db0d,0.3622
355a18bf4bbe449086bfbd70b9b66961,00614d60b3544ba790dfd23dd53992e0,0.6357
355a18bf4bbe449086bfbd70b9b66961,07d869789eda4445a1ecfe59c331db0d,0.5553
355a18bf4bbe449086bfbd70b9b66961,8ebbcf8e4e6f400ba1839e9d75806274,0.4803
8801a0c028fe4b9b9621b539d7950e08,4c8476482736459881e2a3b0509ee103,0.8761
8801a0c028fe4b9b9621b539d7950e08,133bfbe9a7c741fcb638ecf1b0088213,0.7568
ce2ca433804e44b4be720751273b782a,4c8476482736459881e2a3b0509ee103,0.9101
ce2ca433804e44b4be720751273b782a,133bfbe9a7c741fcb638ecf1b0088213,0.7557
4ea609e9602a4aaa8629b2aa624b0175,133bfbe9a7c741fcb638ecf1b0088213,0.9009
4ea609e9602a4aaa8629b2aa624b0175,4c8476482736459881e2a3b0509ee103,0.7779
cfb9a2cee2044f5e9cab9a1ec0394c33,133bfbe9a7c741fcb638ecf1b0088213,0.9090
cfb9a2cee2044f5e9cab9a1ec0394c33,4c8476482736459881e2a3b0509ee103,0.7698
91753f317b7d415d93dfbb79291ce529,b8da01ceddcb45a491a288ddbc658e90,0.7514
0f94a6fec9304d4991a954ceb031f5ae,,
15a8c430cba44785961873a3dd5bc77f,,
fd824af093e04ae187700d37404ce512,,
c9d75d71736c41ca808c70e38aff6b5a,da88fa5efc674368b593444ca950dff9,0.4141
743f1b2f252548d7910b99d0870f6c67,85d4175b563d48e5bc6a991b23662f24,0.4349
743f1b2f252548d7910b99d0870f6c67,ca1a2a6308834baba3140b5ce8f81320,0.3434
27bcdf10465e4c54869c9ceb59013b81,,
52cd37fed829421d91356a3fb87f1ae3,85d4175b563d48e5bc6a991b23662f24,0.4279
52cd37fed829421d91356a3fb87f1ae3,ca1a2a6308834baba3140b5ce8f81320,0.3494
f3cba92d050b4d8e9432cb0cc14c3d63,,
e0ffc5f5610740569aedc8c74ed17c47,cf293392122347a180cf2126f4589acb,0.4924
e0ffc5f5610740569aedc8c74ed17c47,3c1b91a23b694da1973dbc5f75f2f3ed,0.4110
fd29df6e377f40b981cba18434381065,cf293392122347a180cf2126f4589acb,0.4890
fd29df6e377f40b981cba18434381065,3c1b91a23b694da1973dbc5f75f2f3ed,0.4195
f5ff08722abb413e9e24fa4eee6d5b60,3c1b91a23b694da1973dbc5f75f2f3ed,0.8787
f5ff08722abb413e9e24fa4eee6d5b60,cf293392122347a180cf2126f4589acb,0.6467
f5ff08722abb413e9e24fa4eee6d5b60,5abf57d57d84440e94d0d2e2ffb37575,0.4395
574036f38fb84293ae0fbe592c3c6f3a,3c1b91a23b694da1973dbc5f75f2f3ed,0.6705
574036f38fb84293ae0fbe592c3c6f3a,5abf57d57d84440e94d0d2e2ffb37575,0.4952
35f36e3994484147bfac89ac7f1ef8ef,3c1b91a23b694da1973dbc5f75f2f3ed,0.6371
35f36e3994484147bfac89ac7f1ef8ef,5abf57d57d84440e94d0d2e2ffb37575,0.4939
84ef3ef2feb84347bac472fb9e9d5906,c84deec0ecf843c39f52d4cb8e7300f8,0.8314
84ef3ef2feb84347bac472fb9e9d5906,e7aaa514f6f64a258a640ea341aa1a18,0.7084
84ef3ef2feb84347bac472fb9e9d5906,77cecb221149474896d9b2eb848bf150,0.6888
84ef3ef2feb84347bac472fb9e9d5906,039f8e63b273472d8f1d99d9a5de5cf5,0.6123
84ef3ef2feb84347bac472fb9e9d5906,07958f43551e459eb30638b632e3cd64,0.5871
398defcf45ad43ed8e2633186eaa33ba,,
ea57953406604eb083a4fecc3606c662,,
6d7cfa2d06f64b22aeffa8b5f5294bdb,,
b81d6cfb08b3460182252d604820144b,,
d9348c713e8144f791dd2fc990a3cbb6,,
961885b72b8b4073afa543195a48050c,1aef014473b84ef9a0f799114fe516c9,0.4877
961885b72b8b4073afa543195a48050c,99830b8da7c24f909914f7bb167f3ea6,0.3460
06e690975e524b9089b8d4f9317a1558,250d411ae270441085be3501b7b55d86,0.4585
a5bc160edec74fb7a50b0debceb4ff1d,250d411ae270441085be3501b7b55d86,0.4511
a5bc160edec74fb7a50b0debceb4ff1d,99830b8da7c24f909914f7bb167f3ea6,0.3647
77a31fe5e10e44c38270d85e569068f5,,
a508b4ed8aa64d2c8930b9e0f5588144,00e9d4081c2f45d1a818bfeab099863a,0.8452
a508b4ed8aa64d2c8930b9e0f5588144,88f796c14d184ecfaa5b0109161db259,0.5777
a508b4ed8aa64d2c8930b9e0f5588144,1a842f077119475794cc2de48e154374,0.5603
58f407c23b424ad7858fe02688d1f729,9db7d32d79024ba6a73c55fde6f55968,0.8938
58f407c23b424ad7858fe02688d1f729,88f796c14d184ecfaa5b0109161db259,0.6457
58f407c23b424ad7858fe02688d1f729,1a842f077119475794cc2de48e154374,0.6209
6a195a5109304e06ae0423987650f0e5,00e9d4081c2f45d1a818bfeab099863a,0.8456
6a195a5109304e06ae0423987650f0e5,88f796c14d184ecfaa5b0109161db259,0.5972
6a195a5109304e06ae0423987650f0e5,1a842f077119475794cc2de48e154374,0.5836
df7a3b9a04ad4297aadb288feabf0c50,3fce01bbc56d49d39f61cba3d17648f2,0.6046
684ba7bd1eae483282be0c8c9c114514,,
4eda37aa22e54fa2afd5c4d98019ce29,,
3fc9d39c9efc4790b7a0864f44c1e28d,e735729c80d84f76a6133c065d5380f8,0.8267
492e1ce165734c99ae0c8142231d6cd8,d75a52d716984f318f976bbfc7bee787,0.5164
492e1ce165734c99ae0c8142231d6cd8,215f3d275db14601a0383885cbaad86e,0.3863
62d16233117346a88248d0c84e37c7d4,d75a52d716984f318f976bbfc7bee787,0.3681
fc5f6e0b9c084686b8bcffe1870bb6af,,
9544710dc3234bb3a65179dae0115a8c,291130c42a884be2800e026bab5ddf53,0.3721
9544710dc3234bb3a65179dae0115a8c,23a16d69ffe848d593a4808907d8aa98,0.3221
d88623101f5740e3bbbb1be949c2c917,23a16d69ffe848d593a4808907d8aa98,0.3355
3d4bd2285a9441ceb15abaf963002c03,cb75c6ef71cb4991805920f2894e0e96,0.5238
3d4bd2285a9441ceb15abaf963002c03,23a16d69ffe848d593a4808907d8aa98,0.3220
fb083ec69f5f42f2881407d2176b5d39,db620271348d404a9a0b978d96c63f29,0.4042
fb083ec69f5f42f2881407d2176b5d39,0cdb0f32850f4585a16de4886462bbe0,0.3778
94fac016e63749c8a8f0fdf1fc1a90b5,db620271348d404a9a0b978d96c63f29,0.4104
94fac016e63749c8a8f0fdf1fc1a90b5,0cdb0f32850f4585a16de4886462bbe0,0.3845
a4f2a13bd2b54360a921c8ef7366e535,aa082284f9894b5aa210c179d59999b1,0.4092
89206a8894c247c8bd87fad37967ca98,aa082284f9894b5aa210c179d59999b1,0.4168
4d36c5e5c20443bbab4b51e580bafc21,b44645c11ece4326a45f50fdc5d45dcf,0.8992
517675a3a64847439ecd5791a240af4c,c2a665cec90e46db8d2a74389beb4649,0.4631
517675a3a64847439ecd5791a240af4c,27a67d3e76814297aebf64e03d14c336,0.3825
517675a3a64847439ecd5791a240af4c,b3f8b4bec0164d0e81997b4f5a277e8f,0.3675
517675a3a64847439ecd5791a240af4c,b85d652ba8d244f8ab9e941966094f28,0.3443
b4a18167b9e44a69bbb49ee2a8709fbe,c2a665cec90e46db8d2a74389beb4649,0.4401
b4a18167b9e44a69bbb49ee2a8709fbe,27a67d3e76814297aebf64e03d14c336,0.3885
b4a18167b9e44a69bbb49ee2a8709fbe,b3f8b4bec0164d0e81997b4f5a277e8f,0.3566
b4a18167b9e44a69bbb49ee2a8709fbe,b85d652ba8d244f8ab9e941966094f28,0.3508
173054bdb88d476dbd153c55b7fabd01,b44645c11ece4326a45f50fdc5d45dcf,0.9816
6676c08920d74d74b3b5e31d76d402b2,249c2d8d8d2345c6990b3c4d94385b5a,0.6553
6676c08920d74d74b3b5e31d76d402b2,f32f4607b4714e378831f924c5e6084d,0.4317
0df5d9aef12b4019955ea3f2f0b2adab,249c2d8d8d2345c6990b3c4d94385b5a,0.5186
9e0acd98c27a49b196d2c555deba2f0e,249c2d8d8d2345c6990b3c4d94385b5a,0.5352
54c5b5744a704151830ff16cf8883786,,
b9de30f0928f4adbbd9e64f944ab0805,6b7b5d28293d4a5a8075f7f7dd231ddb,0.4195
b9de30f0928f4adbbd9e64f944ab0805,0cdb0f32850f4585a16de4886462bbe0,0.3714
1700d60558f04c2581e0c6ecac9ca03f,be8953cc364d46cebbcc2c2da2c348ab,0.3789
1700d60558f04c2581e0c6ecac9ca03f,6b7b5d28293d4a5a8075f7f7dd231ddb,0.3405
f8ebc027345b4689839fa22c303c1bbc,be8953cc364d46cebbcc2c2da2c348ab,0.3893
f8ebc027345b4689839fa22c303c1bbc,6b7b5d28293d4a5a8075f7f7dd231ddb,0.3434
a815375295944d72bbd877ca7675981a,6b7b5d28293d4a5a8075f7f7dd231ddb,0.4185
a815375295944d72bbd877ca7675981a,0cdb0f32850f4585a16de4886462bbe0,0.3692
a815375295944d72bbd877ca7675981a,e06d08ff594a4acbac12edf579743fcf,0.3216
a5eb956f41154b2fa05333dc5f91564d,cf7476d6c96b4dcdb6f025b9291eb62b,0.3945
32ca729048eb46ea82cfabc322b2f07f,e5a3c8867e44498d9182e8be934e0fce,0.4143
4b03b491a7324ddea5bf28db91e66254,e5a3c8867e44498d9182e8be934e0fce,0.4117
6ee636f0481140ed9b0077791aba92b0,cf7476d6c96b4dcdb6f025b9291eb62b,0.4040
9e69ec4a3364489c92dd79eb57e83d54,d33407004b9e433a9d4147cfe6584d36,0.8806
e3d8f037fbe5491eba85d08b7dc5cab4,,
2e92d21d8386472cb7ae95c21ba476ec,,
d0e2f6816e1d46c4896a92a770a52d13,,
9db1e0ae9d1e4b078283f3e4fce188a9,54e9bbd0093947a3bda5fef48ef7493d,0.7319
9db1e0ae9d1e4b078283f3e4fce188a9,7d6cdff8c9ac434196df803628fe9f62,0.3410
b3e9c337e43d4153aebe5720e9cd3974,54e9bbd0093947a3bda5fef48ef7493d,0.7246
b3e9c337e43d4153aebe5720e9cd3974,7d6cdff8c9ac434196df803628fe9f62,0.3675
b3e9c337e43d4153aebe5720e9cd3974,dcfb738ebbc24f09bb680fe3a52b702e,0.3325
6826037354894b81a24d3dc9a4983acb,54e9bbd0093947a3bda5fef48ef7493d,0.4454
6826037354894b81a24d3dc9a4983acb,4c36aafaf38f4e9e9e09991737196fe1,0.3532
dc99c006397e40808ab1f016fa44006f,7d6122daabe442ffb5e57ece1882e714,0.3758
dc99c006397e40808ab1f016fa44006f,1f9cd7f2b7a14e2f8d490a104a56edcd,0.3584
4993ef4ea7ef4074bc9bfda10fc761b9,7d6122daabe442ffb5e57ece1882e714,0.7596
4993ef4ea7ef4074bc9bfda10fc761b9,1f9cd7f2b7a14e2f8d490a104a56edcd,0.5989
4993ef4ea7ef4074bc9bfda10fc761b9,b626eb67c2e14afeae2846bb150976f3,0.3600
c7eab26c996245a3ab077b730a658580,7d6122daabe442ffb5e57ece1882e714,0.5893
c7eab26c996245a3ab077b730a658580,b626eb67c2e14afeae2846bb150976f3,0.3623
b675a73977ed4edbbe06ed1ed956190f,b626eb67c2e14afeae2846bb150976f3,0.7319
b675a73977ed4edbbe06ed1ed956190f,7d6122daabe442ffb5e57ece1882e714,0.4133
b675a73977ed4edbbe06ed1ed956190f,1f9cd7f2b7a14e2f8d490a104a56edcd,0.3775
cebedb652e6442cfb5750e4bbec52862,7d6122daabe442ffb5e57ece1882e714,0.5864
cebedb652e6442cfb5750e4bbec52862,b626eb67c2e14afeae2846bb150976f3,0.3944
cebedb652e6442cfb5750e4bbec52862,b4dadb3ea3a04cc3932094471debce13,0.3508
085ac28270ca429689a32df3a4583773,e429a2e164a24919a12edcc8d4ea8f09,0.4245
085ac28270ca429689a32df3a4583773,c4b9d7a8d5d342459d2282589b3af293,0.3695
e03daa7cd69147cf9ffcfe59b6f1ff74,e429a2e164a24919a12edcc8d4ea8f09,0.4198
e03daa7cd69147cf9ffcfe59b6f1ff74,c4b9d7a8d5d342459d2282589b3af293,0.3704
7076a0387a924dc1b928b55750f64916,,
0da0ce17055e4ce4aad17bba3493ecf3,e429a2e164a24919a12edcc8d4ea8f09,0.3509
a1de5e13c3de409baec25b9625277294,7f0a68d19d2e4850846ffc08c47ed87d,0.6596
59d5b8a0cae447e3aa9d4441af278166,b33a0f5b564a4942b04046ab7a8e2aae,0.6908
0c4b7eb545d746869c5419772a6e4392,7f0a68d19d2e4850846ffc08c47ed87d,0.6848
ee5f151fd75d45ea92a20e50b7471a5b,b33a0f5b564a4942b04046ab7a8e2aae,0.6954
2a1dd0d4a81843bea554bae66ecf0521,d87bd2402bef4672be17b62cec113ba8,0.3846
eccd7d9de8ca4ef5b452f90014314ff9,d87bd2402bef4672be17b62cec113ba8,0.3987
53690105d8d9451da2c18448738ecbc1,d87bd2402bef4672be17b62cec113ba8,0.3259
904b4babc35a4e22bf243f52a41e9034,,
4ec8d6459f8e4b49af04fd8199016f22,5a9a716f53364389864a4018d9e9c6c0,0.3225
c50dedd60aba419c9533edaeaa3946ce,,
e4692df5d1fc4cccbb1af7348c9844e7,,
0acc73aefb2c4bd4ac88e33303c8f082,8d595c7da42545c88052e7b213b6c97c,0.9265
0acc73aefb2c4bd4ac88e33303c8f082,99a52c93a3304ec18dab9206f98f2a8b,0.4241
0acc73aefb2c4bd4ac88e33303c8f082,643fbbdd6b764ba9904a4ee67a86b9fd,0.4014
c3b65a8844a544c6a4819d750555f39c,8d595c7da42545c88052e7b213b6c97c,0.8547
c3b65a8844a544c6a4819d750555f39c,99a52c93a3304ec18dab9206f98f2a8b,0.4250
c3b65a8844a544c6a4819d750555f39c,643fbbdd6b764ba9904a4ee67a86b9fd,0.3947
3ec39a285da042a1bb003186e6c26bdc,de6ac628a786435f9925c8cc1d707d6b,0.4089
3ec39a285da042a1bb003186e6c26bdc,f69dcaceb6074ddebfe1dc7e5978fcff,0.3419
3ec39a285da042a1bb003186e6c26bdc,8d595c7da42545c88052e7b213b6c97c,0.3228
7abfc7f5744b4188b357bacc5c42c49e,de6ac628a786435f9925c8cc1d707d6b,0.6264
7abfc7f5744b4188b357bacc5c42c49e,19593c97fef0474dbe6051e28338f1e9,0.4676
7abfc7f5744b4188b357bacc5c42c49e,8d595c7da42545c88052e7b213b6c97c,0.3789
9405bc1ec9c249e080970a1f105edabe,599feb1e512c43ad8c0a1845922acf78,0.4469
1fe6a337c9114514b3e8dd154c2bda5b,599feb1e512c43ad8c0a1845922acf78,0.8823
1fe6a337c9114514b3e8dd154c2bda5b,ed4449952a9e45339b76fc5f123cb917,0.4388
1fe6a337c9114514b3e8dd154c2bda5b,df0c94234d9d4890b5b4b95c441b3e9a,0.3413
31557bdb4eee40258e47e89e445b788a,599feb1e512c43ad8c0a1845922acf78,0.4654
73dbecd0253544b594d72bdfb45f3f7e,ed4449952a9e45339b76fc5f123cb917,0.4344
73dbecd0253544b594d72bdfb45f3f7e,df0c94234d9d4890b5b4b95c441b3e9a,0.3306
e6d9f19b6de24f86aa66f9c5fd05e823,99ba4cc9355f4d79a68bc69ac12a716f,0.5755
81cace07bfd24a26846b03e46c6ad161,e1c63000ace94c1d9381d82389fe6afd,0.5705
90e717813d404c9f925935c7cfaf747d,e1c63000ace94c1d9381d82389fe6afd,0.5792
e5fa255c55ca4255a1a6ad8c11fe54a0,,
e62461979ead477d9cc7f369964f28d9,99ba4cc9355f4d79a68bc69ac12a716f,0.5404
5a783edaf5cc4401bef507ec0bf50b74,,
07ede7933f83489091e7ac09e75bd135,,
e0a1bb27279d4bb8ac27a733753d7c54,5455e62f52ae4e03b2a5d0e8b9899506,0.7585
e0a1bb27279d4bb8ac27a733753d7c54,039a871609044cb1b69f70c082fe61d8,0.7138
e0a1bb27279d4bb8ac27a733753d7c54,be70e49b76c24527b4fddfb6b78b6d8d,0.5254
e0a1bb27279d4bb8ac27a733753d7c54,3f23eafbd9cc4e209aca631fd6fc9dfd,0.5047
8d21526a81804f01b67fc9c7431368d4,5455e62f52ae4e03b2a5d0e8b9899506,0.7713
8d21526a81804f01b67fc9c7431368d4,039a871609044cb1b69f70c082fe61d8,0.7183
8d21526a81804f01b67fc9c7431368d4,be70e49b76c24527b4fddfb6b78b6d8d,0.5260
8d21526a81804f01b67fc9c7431368d4,3f23eafbd9cc4e209aca631fd6fc9dfd,0.5063
e099db4616e745afa30336180e470463,5455e62f52ae4e03b2a5d0e8b9899506,0.7923
e099db4616e745afa30336180e470463,9500823cb050427696343b1ea5cf8881,0.7135
e099db4616e745afa30336180e470463,be70e49b76c24527b4fddfb6b78b6d8d,0.6917
e099db4616e745afa30336180e470463,3f23eafbd9cc4e209aca631fd6fc9dfd,0.4306
e099db4616e745afa30336180e470463,ad3d372fbf054ea1ad06cfcb7490df4b,0.3689
e099db4616e745afa30336180e470463,521004289ebc4e6da6623381d40a5e73,0.3223
4d9da4498edb406687e88c877d40d0b5,afac6ae28fac41dabae96696990c5555,0.6266
4d9da4498edb406687e88c877d40d0b5,b01fd4d037a84a7aa777e1fc345c73c5,0.4617
4d9da4498edb406687e88c877d40d0b5,a8904adcdd21495f890bc614bfdbf86f,0.3557
4d9da4498edb406687e88c877d40d0b5,13aca0959cc948cabeee0d7255f55a65,0.3338
4d9da4498edb406687e88c877d40d0b5,8c5f38853679436ba434b6a696e43168,0.3327
4d9da4498edb406687e88c877d40d0b5,fc70a4c2c4834e0eba1a14470f563b03,0.3205
1878f6ecc3cd4ae098c87cb8f6d6f75f,afac6ae28fac41dabae96696990c5555,0.6328
1878f6ecc3cd4ae098c87cb8f6d6f75f,b01fd4d037a84a7aa777e1fc345c73c5,0.4475
1878f6ecc3cd4ae098c87cb8f6d6f75f,a8904adcdd21495f890bc614bfdbf86f,0.3239
1878f6ecc3cd4ae098c87cb8f6d6f75f,8c5f38853679436ba434b6a696e43168,0.3204
122f81ffea0d4ee8a8e0e80dabd6753a,af648fa7ac6c4c50a246de470329cd83,0.6291
122f81ffea0d4ee8a8e0e80dabd6753a,a8904adcdd21495f890bc614bfdbf86f,0.4118
122f81ffea0d4ee8a8e0e80dabd6753a,d7618b61a65a4bc1a0d0f2cc1bddc448,0.3990
122f81ffea0d4ee8a8e0e80dabd6753a,4230775a9d51448396cacb9061f0e5f9,0.3866
122f81ffea0d4ee8a8e0e80dabd6753a,b01fd4d037a84a7aa777e1fc345c73c5,0.3847
122f81ffea0d4ee8a8e0e80dabd6753a,bb6ecabbce1b43d997d00d7acdc95193,0.3549
341c198c08bf4223af06fe1151b3d336,af648fa7ac6c4c50a246de470329cd83,0.6070
341c198c08bf4223af06fe1151b3d336,a8904adcdd21495f890bc614bfdbf86f,0.4124
341c198c08bf4223af06fe1151b3d336,d7618b61a65a4bc1a0d0f2cc1bddc448,0.4065
341c198c08bf4223af06fe1151b3d336,b01fd4d037a84a7aa777e1fc345c73c5,0.3754
341c198c08bf4223af06fe1151b3d336,4230775a9d51448396cacb9061f0e5f9,0.3694
341c198c08bf4223af06fe1151b3d336,bb6ecabbce1b43d997d00d7acdc95193,0.3399
6936423214e640f58de191bcbb19cfc0,2ece45504eff42469c104dc2a2d03caf,0.7165
c0ca5bae25e84345bcf7f81daaa9a287,2ece45504eff42469c104dc2a2d03caf,0.6040
ca2cd162b500466a989318642fa8e5e8,,
5eea07beb98f41d89ef2eb45e27d65dc,,
75f3f9e03bd5407ba9a8ed4058d70b42,,
134c16196b09479bb303d2505e8029e3,,
62f621f26198469bbe4acc3c211ac044,,
e9102a403ab3412e96b169e8b54422da,9c69642fab6749848e7ea7f5406a6da4,0.4287
dc99976a66254d64893ce4ea5c1381f9,0092d1d820c64646b8bee9fd14f77acf,0.7513
dc99976a66254d64893ce4ea5c1381f9,c750a2994555414790abb3281572bb42,0.6811
dc99976a66254d64893ce4ea5c1381f9,2ea3b46262e649f79900258cd90cce31,0.6726
a837b40016284aef83d53d8096b2f4c1,b8995466f0eb4e7ba141e23216e8b974,0.6781
a837b40016284aef83d53d8096b2f4c1,0092d1d820c64646b8bee9fd14f77acf,0.6719
a837b40016284aef83d53d8096b2f4c1,2ea3b46262e649f79900258cd90cce31,0.6067
066e11859105406c8b337a9c79f27900,b8995466f0eb4e7ba141e23216e8b974,0.6793
066e11859105406c8b337a9c79f27900,0092d1d820c64646b8bee9fd14f77acf,0.6622
066e11859105406c8b337a9c79f27900,2ea3b46262e649f79900258cd90cce31,0.6012
eacbaee168e04572a043403932038ea4,d361a9e414fb41c1a605200d9cbba496,0.8379
eacbaee168e04572a043403932038ea4,43ee0103cba54b4e9d165717735ca0f6,0.3541
eacbaee168e04572a043403932038ea4,e3854d75221c4e38879a6106bb5c1941,0.3448
eacbaee168e04572a043403932038ea4,e834bfbd30b247e899f0dc029ab9f072,0.3281
87525176aae14b4594b3cc3538652572,43ee0103cba54b4e9d165717735ca0f6,0.4860
6f4c5ace8efc459ea9630b048d4f0f65,ba8d0208e32e42969bd4349cf24f6ed1,0.5586
6f4c5ace8efc459ea9630b048d4f0f65,f2cfa68a47ce4a43a0fe1cc7dc860418,0.3742
6f4c5ace8efc459ea9630b048d4f0f65,a055f8188384479a8bad418f7dffd9a5,0.3349
492fe644141442369b9490599c32871c,baad022010b44fad8d8410869d909fd1,0.4029
c5430389b16b4cef9f052e00355bb0bd,ba8d0208e32e42969bd4349cf24f6ed1,0.5607
c5430389b16b4cef9f052e00355bb0bd,f2cfa68a47ce4a43a0fe1cc7dc860418,0.3687
c5430389b16b4cef9f052e00355bb0bd,a055f8188384479a8bad418f7dffd9a5,0.3335
fe4ef0b1b959405da9233fffe5a1a8ba,baad022010b44fad8d8410869d909fd1,0.4347
8b45a559d8f643aabfc6ce1311e615f6,,
923cdbcba1f440f0b8e680f9bbe84bc0,,
ce803c95614a408cbf9b99166b3a9db0,,
4a9f5a00cf914c0cb76a4ee585a73675,,
61251687d2444fe8b74dce9025233ead,230b9ef63ea240e9b61a18f41473f942,0.3201
42f90bf7d5ef47d8b2f88399cb0f3a2e,,
b3c99c83d4e34424adca9ea35f3016b4,99ba4cc9355f4d79a68bc69ac12a716f,0.3414
cc2355a9c26249c0b3722824339d73f5,99ba4cc9355f4d79a68bc69ac12a716f,0.3269
7e2f96b3e0ce428cb02c7ab9d85a8cca,7f5b658239034d35b7f4cf1c63cb388c,0.6945
7e2f96b3e0ce428cb02c7ab9d85a8cca,b83013f4c5524232814efa0f8651867f,0.4358
7e2f96b3e0ce428cb02c7ab9d85a8cca,b0236c76ae244fd8aacbea7da10e55ca,0.3837
c1de7b286d874eeab76f13a3c0d2f90f,898eabaaa1a047e18aecbb1c5a8decbf,0.6700
c1de7b286d874eeab76f13a3c0d2f90f,b83013f4c5524232814efa0f8651867f,0.3766
c1de7b286d874eeab76f13a3c0d2f90f,b0236c76ae244fd8aacbea7da10e55ca,0.3444
e61649949748401a9d06187bc97c8b58,898eabaaa1a047e18aecbb1c5a8decbf,0.6792
e61649949748401a9d06187bc97c8b58,b83013f4c5524232814efa0f8651867f,0.3677
e61649949748401a9d06187bc97c8b58,b0236c76ae244fd8aacbea7da10e55ca,0.3565
b81b07771bcd450f9d8eaba7182f30c7,7f5b658239034d35b7f4cf1c63cb388c,0.7028
b81b07771bcd450f9d8eaba7182f30c7,b83013f4c5524232814efa0f8651867f,0.4337
b81b07771bcd450f9d8eaba7182f30c7,b0236c76ae244fd8aacbea7da10e55ca,0.3829
10477b255a0f4b31bdc6941e131708f6,ec580ac6dd7149fb8a0a5a5d8b0f5b08,0.4473
10477b255a0f4b31bdc6941e131708f6,444fa28d9ed54c82a522699041eae592,0.3643
98224d85c5a5408b97fc3f91e37c6172,ec580ac6dd7149fb8a0a5a5d8b0f5b08,0.4505
9cde6cf03d36463a9fa125c9a5d8579b,ec580ac6dd7149fb8a0a5a5d8b0f5b08,0.6881
9cde6cf03d36463a9fa125c9a5d8579b,444fa28d9ed54c82a522699041eae592,0.4941
97496eac7339419799091685c1a6c966,ec580ac6dd7149fb8a0a5a5d8b0f5b08,0.3923
308e1406bba647a6afa6645b35e09bbd,e429a2e164a24919a12edcc8d4ea8f09,0.3580
eaae15d0cec34edcba4d16f18e51feeb,,
2fa2158b5d3142e1a336b9938e7ec3e4,,
b3e94875f12a46d49a18038edf575672,,
bb76a200223d446492dbeb01f3dcd83c,f65c7f50929f431dbf31b441d87616d0,0.7899
249ef4fd3a32489e875b8ff944f609e3,,
08a04363ed37468191357b12b4afa016,d445ccdb4cda497e9f0343a3298022d2,0.7039
08a04363ed37468191357b12b4afa016,08ecf89bc10942a4bd894482f6fcdfa7,0.6252
08a04363ed37468191357b12b4afa016,0e28ed072d6c444aa6f02e64955b44c6,0.4885
08a04363ed37468191357b12b4afa016,77c8b175ca9d411b8d28d1ed0dc40304,0.3882
62e089fa066d404daadaf7ab2e75f3c4,08ecf89bc10942a4bd894482f6fcdfa7,0.6867
62e089fa066d404daadaf7ab2e75f3c4,77c8b175ca9d411b8d28d1ed0dc40304,0.5040
62e089fa066d404daadaf7ab2e75f3c4,0e28ed072d6c444aa6f02e64955b44c6,0.4035
772aba18a7014577b8975d8f66f55383,d75a52d716984f318f976bbfc7bee787,0.4211
772aba18a7014577b8975d8f66f55383,570f08ce2a1a47978eab16bf7ad16a68,0.3684
772aba18a7014577b8975d8f66f55383,b3a022950e444682a113cec5a0537f6a,0.3654
222088ceffe04fd9a94096cfb805d9aa,d75a52d716984f318f976bbfc7bee787,0.4269
222088ceffe04fd9a94096cfb805d9aa,b3a022950e444682a113cec5a0537f6a,0.3624
222088ceffe04fd9a94096cfb805d9aa,570f08ce2a1a47978eab16bf7ad16a68,0.3538
215fa8886dc743ea866c55c92e55275a,97959d02a64f4a3fbbebe7cbece6c012,0.5329
c15e316f43844831a8809cd85924e3b1,,
fb89d31587634cee9cf443d998d56245,97959d02a64f4a3fbbebe7cbece6c012,0.5474
a9c15421f19d4bfca5a2210dbafbd327,4a7fa5a1bafe4b6995e2920444ac07c4,0.5177
a9c15421f19d4bfca5a2210dbafbd327,7bbe3c76bcc04d73969f920d43fcc67d,0.5086
a9c15421f19d4bfca5a2210dbafbd327,88353d1136d24836816b073de62e5f50,0.4963
a9c15421f19d4bfca5a2210dbafbd327,1f9cd7f2b7a14e2f8d490a104a56edcd,0.3302
405c71393da6481db0f9c471e6ff0b9f,4a7fa5a1bafe4b6995e2920444ac07c4,0.5209
405c71393da6481db0f9c471e6ff0b9f,7bbe3c76bcc04d73969f920d43fcc67d,0.5116
405c71393da6481db0f9c471e6ff0b9f,88353d1136d24836816b073de62e5f50,0.5011
10672c8813224cd19e1b65d21bfbf3fc,7bbe3c76bcc04d73969f920d43fcc67d,0.4859
10672c8813224cd19e1b65d21bfbf3fc,25afb6f7e9314af09008644bca5955b9,0.4437
10672c8813224cd19e1b65d21bfbf3fc,6732de8994744decbb3306c74aaa7882,0.3373
380188fc5ffb4a8db6256661aefa22ee,b4dadb3ea3a04cc3932094471debce13,0.5058
380188fc5ffb4a8db6256661aefa22ee,e88ce4cd350f43398a5c0ab8629cee72,0.4559
78bedef4e219493c8b9a059437b0c690,b4dadb3ea3a04cc3932094471debce13,0.4977
78bedef4e219493c8b9a059437b0c690,e88ce4cd350f43398a5c0ab8629cee72,0.4627
a73bf22ed53e478bbdb05661b2bb34bb,,
f8807fdc0c904075885c336e24827732,64e74af099b0485f8b6e71ac73aa2cb8,0.4979
f8807fdc0c904075885c336e24827732,7f23e27e5652406784fdc2dea3918125,0.3350
c21fcb50e9a24b558b8fcc3a2d0f2042,1393dac7d34b4c34b1a8091a5bea3663,0.4900
0e4f6fd8c126417aad3dfe97ea1dee56,beccee3a988f48c1ad207e2380766fa4,0.8169
0e4f6fd8c126417aad3dfe97ea1dee56,10b152bdafe94db8a93f7c374226a071,0.4984
0e4f6fd8c126417aad3dfe97ea1dee56,aaab880f032a4e00904cf50566164044,0.4907
0e4f6fd8c126417aad3dfe97ea1dee56,40f040fd5c824c8e8e710af1fdf70b5f,0.4633
11fd1036e3764df2a694b62f3f7a04ca,ec5fe0d3a2a2426ea4e49a5c0ad44e04,0.7931
11fd1036e3764df2a694b62f3f7a04ca,10b152bdafe94db8a93f7c374226a071,0.5609
11fd1036e3764df2a694b62f3f7a04ca,aaab880f032a4e00904cf50566164044,0.5532
11fd1036e3764df2a694b62f3f7a04ca,40f040fd5c824c8e8e710af1fdf70b5f,0.5264
16f482cec0e0411f8a1d2610a2aacb63,ec5fe0d3a2a2426ea4e49a5c0ad44e04,0.7983
16f482cec0e0411f8a1d2610a2aacb63,10b152bdafe94db8a93f7c374226a071,0.5753
16f482cec0e0411f8a1d2610a2aacb63,aaab880f032a4e00904cf50566164044,0.5701
16f482cec0e0411f8a1d2610a2aacb63,40f040fd5c824c8e8e710af1fdf70b5f,0.5450
cd59d2d18bf04a6a901a0110f5fc4b13,beccee3a988f48c1ad207e2380766fa4,0.8165
cd59d2d18bf04a6a901a0110f5fc4b13,10b152bdafe94db8a93f7c374226a071,0.4971
cd59d2d18bf04a6a901a0110f5fc4b13,aaab880f032a4e00904cf50566164044,0.4863
cd59d2d18bf04a6a901a0110f5fc4b13,40f040fd5c824c8e8e710af1fdf70b5f,0.4633
a3447d7a1b25452ab7eb7228d9426dbb,116f6c1f0cb54312986a0a729508a33e,0.3294
a3447d7a1b25452ab7eb7228d9426dbb,8ad1f345ca194b29bde0a924f27b2de5,0.3243
bc979d6c4eac47c3bd21510ffe22054c,8af25c7ae8e14435a6e27a5671968f50,0.4411
bc979d6c4eac47c3bd21510ffe22054c,116f6c1f0cb54312986a0a729508a33e,0.3233
8033dc78a96946859252dbe5da10286d,e12ad1ce8e7940a999b9a4f91a95fab7,0.5034
8033dc78a96946859252dbe5da10286d,6866efc8987a4ec8b04b7abd28fb5777,0.3558
8033dc78a96946859252dbe5da10286d,ccb62901750b4d13a922fc161b607f83,0.3302
8033dc78a96946859252dbe5da10286d,6ea31a945d494834a3d243f1f90af02a,0.3219
01ac48c3001b4c44a7b582ac608de711,d695b7afdc3841a28a56df578e56afce,0.4901
01ac48c3001b4c44a7b582ac608de711,ccb62901750b4d13a922fc161b607f83,0.4130
01ac48c3001b4c44a7b582ac608de711,6866efc8987a4ec8b04b7abd28fb5777,0.4034
7c0d5434c5bc489793133ad27a07f74e,d695b7afdc3841a28a56df578e56afce,0.4900
7c0d5434c5bc489793133ad27a07f74e,ccb62901750b4d13a922fc161b607f83,0.4357
7c0d5434c5bc489793133ad27a07f74e,6866efc8987a4ec8b04b7abd28fb5777,0.4065
37c59c24c4b344198d9d5abcdf597519,d695b7afdc3841a28a56df578e56afce,0.7611
37c59c24c4b344198d9d5abcdf597519,e12ad1ce8e7940a999b9a4f91a95fab7,0.4466
70b93f2c45f0428a89fc7fd8ce0b6106,6ea31a945d494834a3d243f1f90af02a,0.9728
70b93f2c45f0428a89fc7fd8ce0b6106,daed5458403e49e3aea72f4bcc6dd224,0.3685
b1b978d0d5a04bd69d56ef30d2af57e3,245212a659504b9b9cdbaf1ab1d040ff,0.3915
c63f586816974c308053ab40652e867f,245212a659504b9b9cdbaf1ab1d040ff,0.4012
6ea9898485944849b1119856b900eee9,eb21a4e2b7bd43efbdf0c365415e7fef,0.6964
6ea9898485944849b1119856b900eee9,b69c17a10a55494d8caa56c33e8f4a56,0.3284
e3fbe9aa3f674b32824114cc216c78ae,,
db1e964f321c4227b0b29f870ee1f47e,f69dcaceb6074ddebfe1dc7e5978fcff,0.6638
8b132fbf58574d90aa4cf5ddc704b658,19593c97fef0474dbe6051e28338f1e9,0.3375
8b132fbf58574d90aa4cf5ddc704b658,4422777ed51142a99aacf05f446cfea1,0.3303
8cb387b1679843169efe77577286098c,,
bd22a678c6cc469fbcd9725604a12326,,
ee15d39bccb6404eb47fcb884d906454,f5d09519cf7647f8a107cd8fadd322e5,0.3902
ee15d39bccb6404eb47fcb884d906454,7e8a4a43e2f84dbb88e41cb24b3fe79f,0.3865
ccb86f144be341ac9a6ff07647fc1e2f,,
de734ca5438c4b22a9e1d7e170c3c57c,bc607fd6000b43108e49b3d05688fe90,0.3501
de734ca5438c4b22a9e1d7e170c3c57c,c74557a980e2428a9ffcc245278df692,0.3205
de734ca5438c4b22a9e1d7e170c3c57c,5e2f1a45f7174f1aa39a194179985876,0.3201
1b14bef50f7c4e24afcc755f17cc10df,,
18283806841d46c39db8e7fd20713c52,36472797459c462e910846109fa624fc,0.6417
5e304e02eba04f73a50005680ad397d9,36472797459c462e910846109fa624fc,0.8715
17746de5e371420092452c78a59017b4,bb84a4cf60c84a8d8e23276b1863d293,0.4662
496cf23a51bc496da75e8ef2f4847bd2,7879fa4d4db046a2a8d195311b6e5789,0.4373
62d8c95fb6f24a1db3cd303bb5b85396,bb84a4cf60c84a8d8e23276b1863d293,0.4405
fa8048c81669437cb087918eab24b02b,be42a43f5186434db4f2815f768a9991,0.9433
fa8048c81669437cb087918eab24b02b,1c2b01416e3943e3b3c575e53c3f1d16,0.6858
fa8048c81669437cb087918eab24b02b,d60986f4025d443ea58adba0e3d224a1,0.3444
b7d522798dc7498da4a40704cbb65a53,097c30a7f39a4a3abf6da2ca80cad3a5,0.4108
23701e1499d04d6f890fffb1a8d95746,097c30a7f39a4a3abf6da2ca80cad3a5,0.4033
d8e490c2dc4e457291f1e7bb4ca941f2,be42a43f5186434db4f2815f768a9991,0.9415
d8e490c2dc4e457291f1e7bb4ca941f2,1c2b01416e3943e3b3c575e53c3f1d16,0.6745
d8e490c2dc4e457291f1e7bb4ca941f2,d60986f4025d443ea58adba0e3d224a1,0.3383
e2c006dd97304dc5b599c8334ea91da4,563043f180e54e238ad4876974e5db4c,0.3709
180a003741a9400fb647528c1b5bcccf,563043f180e54e238ad4876974e5db4c,0.3705
d9c92c59d5aa4726b77e009485c2ea31,563043f180e54e238ad4876974e5db4c,0.4120
11ce9ba7b6bc4478a9c51c05eeca19e6,2d43cf91509846e29ab4febd7781919f,0.6180
95a503cfa55a48d6a01d293cc25399c0,94ed54abfdc74b04b0dcb19c278e66f4,0.6094
fdd0fecc1fbd4f8da6683ae92d766e3f,2d43cf91509846e29ab4febd7781919f,0.5564
a63b30ed19774ee7bd8c65b80994011f,94ed54abfdc74b04b0dcb19c278e66f4,0.6232
b7ee6050d7ff433da190380cbf6c568b,df0c94234d9d4890b5b4b95c441b3e9a,0.4488
9f79b85612a8457c9560f5188ba8de80,ed4449952a9e45339b76fc5f123cb917,0.3819
9f79b85612a8457c9560f5188ba8de80,df0c94234d9d4890b5b4b95c441b3e9a,0.3427
9f79b85612a8457c9560f5188ba8de80,9094e936e13641cc9bfcc7dc1408d86e,0.3254
92842816932b4cedaf43f4075a7295f8,df0c94234d9d4890b5b4b95c441b3e9a,0.5821
92842816932b4cedaf43f4075a7295f8,55c0b899937042c98162389b209aca7f,0.4273
92842816932b4cedaf43f4075a7295f8,79721c9bb6a54ecdb3d0a0f4011762c1,0.4183
0ba88aef47574c8397c6bafc945b9a6d,361f2b7f3f044907b3a331872fb18755,0.5718
908bfd5077a44b398cdda1f6b068ef55,361f2b7f3f044907b3a331872fb18755,0.5659
a165443e0d954522807ce0ab172fcdc5,7daa434073604cb98a04fefb55468dda,0.5543
f9f0efaa4a6142a7919a132744822ef4,39a08a87897f47d3bdbbdc5ed8c9cd7f,0.4479
a1022ebe11dc4f2888d2400773e35559,,
095cc723607c4786bac59694c8e22fac,26869cc099c44c4a86f6043476ab4890,0.4644
095cc723607c4786bac59694c8e22fac,dd77b570036f40de9fdf49011bb9e2d8,0.4577
f975925d733d40bd99cdc31b176a5add,26869cc099c44c4a86f6043476ab4890,0.7203
f975925d733d40bd99cdc31b176a5add,39a08a87897f47d3bdbbdc5ed8c9cd7f,0.3668
f71566d731d04b0fa7d5306ca6d5d1a3,26869cc099c44c4a86f6043476ab4890,0.4700
f71566d731d04b0fa7d5306ca6d5d1a3,dd77b570036f40de9fdf49011bb9e2d8,0.4686
6e42a161c552498789623a17244a874b,ca544e6629b14e8fab5f7cb40d1ac88e,0.4622
947c873b63474e1c81b5f7d75177694b,ca544e6629b14e8fab5f7cb40d1ac88e,0.3473
1869a01128ef42e787aac2c1e61067fd,ca544e6629b14e8fab5f7cb40d1ac88e,0.3698
4e741c03bcf2485b841a422cf7af28e7,,
3b718c2254b44a6b98577df37cfcf2e6,19098957d8c24cab95daa30c2baefd8f,0.5494
3b718c2254b44a6b98577df37cfcf2e6,8b038cd0dafd45d8b1ce75177ca3a76b,0.4054
5c555c29b0864fed9559512fc8b56e7e,8b038cd0dafd45d8b1ce75177ca3a76b,0.7765
5c555c29b0864fed9559512fc8b56e7e,19098957d8c24cab95daa30c2baefd8f,0.5032
5c555c29b0864fed9559512fc8b56e7e,04fa591263664fb0a6868552ebd3590b,0.3363
62c7211abab24fcca853aeb2813a880d,9460474d89704a68aaa6ccb62310ae3d,0.8822
0883118ad1b2497ab0b9df2a1e2b16b9,9460474d89704a68aaa6ccb62310ae3d,0.9084
f79a2bf431ab4c86b494e19d1845d00c,,
a57e9b989c854296a345aa9dea1c5cb4,,
8c894f4ececa48fe8b64acf34a77674e,,
8257521498a64a9fb7b41143b713373b,19a124c6dad14a4fa7864463b081009c,0.6612
8257521498a64a9fb7b41143b713373b,c65af18670ea437c8986884645b3afe9,0.5516
78188b8c0642428fb591262e5d86ce6d,19a124c6dad14a4fa7864463b081009c,0.6692
78188b8c0642428fb591262e5d86ce6d,1027a336232c4454a9c4ae450a562788,0.5718
78188b8c0642428fb591262e5d86ce6d,c65af18670ea437c8986884645b3afe9,0.5645
03d5ce4601154cbdad2bd459235427ad,19a124c6dad14a4fa7864463b081009c,0.6682
03d5ce4601154cbdad2bd459235427ad,c65af18670ea437c8986884645b3afe9,0.5538
e46f5e15b5ba480db90f0be1f5c6b070,19a124c6dad14a4fa7864463b081009c,0.7386
e46f5e15b5ba480db90f0be1f5c6b070,1027a336232c4454a9c4ae450a562788,0.5472
0e8d635cc3e241ddbe108bab5a0f863f,19a124c6dad14a4fa7864463b081009c,0.6967
0e8d635cc3e241ddbe108bab5a0f863f,1027a336232c4454a9c4ae450a562788,0.5103
b6a711f4ec9b4b1bb1bcd06f684f9c22,24c55bb5cd694770ba895c7401da2ba5,0.5885
10346a6c05be419ba2fd6398a619c44e,24c55bb5cd694770ba895c7401da2ba5,0.8293
c2b5ae1e1c2c49d39e7b25d5660dfc10,24c55bb5cd694770ba895c7401da2ba5,0.6536
4a7c88e745974776bdca788eeafcb775,24c55bb5cd694770ba895c7401da2ba5,0.6143
4a7c88e745974776bdca788eeafcb775,e0d8aee46b1d4d998858cd05027251b6,0.3298
350aae48399c41099ec9c648db89df25,,
09b37860da4b43c98172983e0ca57104,764b8280445d4023aecaa53cf7758932,0.3755
1a78505b4d0640aa9f35eb528818e54d,,
b2decece9a254aa29e885325d7e10a91,,
1ba78638d99a453298a17f233049c981,,
e796ebb3bb6040dfb158ab774e2073f5,,
1ee672ab946e4272a171ede24ff00adb,,
b38d1801df8a4cad9d5ac01b703946cd,,
c93b2527aefe464c88f83b2c5c05a5f3,,
6ba0f16f8a794139aa559865c689f392,19593c97fef0474dbe6051e28338f1e9,0.3653
6ba0f16f8a794139aa559865c689f392,4422777ed51142a99aacf05f446cfea1,0.3212
011e2395f6a74299aafef3ad4c6e1bd5,f69dcaceb6074ddebfe1dc7e5978fcff,0.3901
fbcfef1ef1bc43e3bf9e78155f27de0e,de6ac628a786435f9925c8cc1d707d6b,0.4921
e213427aa5fa426b826fb892aee20bcd,b277101390e1465685ef79bf3519f8d7,0.3704
4d0df524bcae4a17b817d5eb1edde03d,b277101390e1465685ef79bf3519f8d7,0.3641
2382285186b14233b2a574461eead3a9,b277101390e1465685ef79bf3519f8d7,0.7237
91918319e16747aa9a1d9dd6b13b960e,984058b7165d4c6385bec3c94afa9fb2,0.3319
de360956bf524b1783abb303a77d92b5,c588868fc3fd4e87a7cddf1ceb00b022,0.3497
18eca8b91ef14435a8d3dc3cf888e60d,0592b57e490d4206a3f12eb004a0afe0,0.7112
18eca8b91ef14435a8d3dc3cf888e60d,63ba014f9cc747ac87013da6be0ceab9,0.3773
18eca8b91ef14435a8d3dc3cf888e60d,b40d3c588ad647ff85e397a6bc5f9d8b,0.3248
71a406ea72c94b068788a3f7435fb47e,63ba014f9cc747ac87013da6be0ceab9,0.3964
71a406ea72c94b068788a3f7435fb47e,b40d3c588ad647ff85e397a6bc5f9d8b,0.3627
71a406ea72c94b068788a3f7435fb47e,89e983dca0a34b768e17b3871b9cea1e,0.3364
d67d3ded66fd47dcbd06a4e0d110046a,4e22dc65beb7450b9260cf27e50919e4,0.4314
d67d3ded66fd47dcbd06a4e0d110046a,aa082284f9894b5aa210c179d59999b1,0.3956
d67d3ded66fd47dcbd06a4e0d110046a,f335a944a27a4504a82ecf70c2d4a5e4,0.3726
a1ee60380a8341b4a22b01efc9c91484,aa082284f9894b5aa210c179d59999b1,0.4137
a1ee60380a8341b4a22b01efc9c91484,4e22dc65beb7450b9260cf27e50919e4,0.3790
a1ee60380a8341b4a22b01efc9c91484,f335a944a27a4504a82ecf70c2d4a5e4,0.3596
0ba701552aa94bf68368b5382edfd973,0c889c151e094b948c13b0275e660a9c,0.3503
d80469792ba1435797dbbd8c826c4dcc,0c889c151e094b948c13b0275e660a9c,0.6452
a2c9e517dc6d4e6bbbfc226aa45adb37,be8953cc364d46cebbcc2c2da2c348ab,0.3983
94e80e2185c943e49ef7d81012376cbc,5a6f4a2f7f6a4b1fa146493472e6d721,0.4854
94e80e2185c943e49ef7d81012376cbc,4a3d4daed4b24a1898551f0fd1ba44f1,0.4681
dc79be5806cf4fa1b7fdf18adcb8af3d,5a6f4a2f7f6a4b1fa146493472e6d721,0.5581
dc79be5806cf4fa1b7fdf18adcb8af3d,3356a8a8c6ee4f30bc2b028e360d4471,0.4864
7301669f98674b658396f1d96eaf98d3,5a6f4a2f7f6a4b1fa146493472e6d721,0.4815
7301669f98674b658396f1d96eaf98d3,3356a8a8c6ee4f30bc2b028e360d4471,0.3959
7301669f98674b658396f1d96eaf98d3,4a3d4daed4b24a1898551f0fd1ba44f1,0.3278
8d37ca8985e84bd297602e977ec9487a,5a6f4a2f7f6a4b1fa146493472e6d721,0.5568
8d37ca8985e84bd297602e977ec9487a,3356a8a8c6ee4f30bc2b028e360d4471,0.4707
d7577481d2284677970ac7a876a6d295,5a6f4a2f7f6a4b1fa146493472e6d721,0.4916
d7577481d2284677970ac7a876a6d295,4a3d4daed4b24a1898551f0fd1ba44f1,0.4665
499f89e2519849bfbdcfb7f09d470c08,,
1e4b598167924e35b74d3da0df1f2de1,,
c7bd4b551343446fb8edc262aec1a374,,
219b73b7828646f9bb608aec046837ee,,
9d11ca9aa5d24f68aab627b9e93e698b,70558882c04e46bd99d15e9786468418,0.4076
cc89d7fa93924af1a154d57f1f1cfbc3,3138244ae91040948d5bd6772e4075ea,0.3964
a3a0aa5e67f44552af621d1abeb18c13,70558882c04e46bd99d15e9786468418,0.4035
2832c5b8870946c69ac69731c0ec1d68,70558882c04e46bd99d15e9786468418,0.7981
2832c5b8870946c69ac69731c0ec1d68,3138244ae91040948d5bd6772e4075ea,0.3432
1403f18946f64e94915e337242ec189f,,
104c41a52ade420c9d3dac7c3c0aaf80,be9e713988ba4bbba869885cad419259,0.9123
e8a3dc97d68d46b6b42514168c735abb,,
d93d116f2e364d0c956fe7f93f434129,cd6ce920d00e4d17a6cf04f9f7e550b7,0.5849
d93d116f2e364d0c956fe7f93f434129,f335a944a27a4504a82ecf70c2d4a5e4,0.3300
8b13db18ea734cf391e49a434b75757e,6b7b5d28293d4a5a8075f7f7dd231ddb,0.7143
8b13db18ea734cf391e49a434b75757e,f335a944a27a4504a82ecf70c2d4a5e4,0.4303
8b13db18ea734cf391e49a434b75757e,e06d08ff594a4acbac12edf579743fcf,0.3661
89345620586f45b098d21a0c401cf8d7,6b7b5d28293d4a5a8075f7f7dd231ddb,0.3415
89345620586f45b098d21a0c401cf8d7,f335a944a27a4504a82ecf70c2d4a5e4,0.3391
8169f7fd48544fa082dae25d882a787a,6b7b5d28293d4a5a8075f7f7dd231ddb,0.8905
8169f7fd48544fa082dae25d882a787a,f335a944a27a4504a82ecf70c2d4a5e4,0.4302
8169f7fd48544fa082dae25d882a787a,e06d08ff594a4acbac12edf579743fcf,0.3760
7de9406e3c12409081f8c0ebc2127441,b675be39e8ff421aa59811f146da945b,0.6115
7de9406e3c12409081f8c0ebc2127441,2f0401170d104b47b0a8f087f69dee88,0.5081
7de9406e3c12409081f8c0ebc2127441,e6afe89ff7bc491193141c057083d8a8,0.4569
7de9406e3c12409081f8c0ebc2127441,0433768f874042a5b2d2e37ad9deae13,0.4280
d5f199eff49445b491565e80e55f8e53,2f0401170d104b47b0a8f087f69dee88,0.6306
d5f199eff49445b491565e80e55f8e53,a35d7304347a4f81b1ccfb086956921c,0.5755
d5f199eff49445b491565e80e55f8e53,f92d16d3a970487094292439c3e00923,0.5073
70e5632cb4e64b128fb44a897571245c,b675be39e8ff421aa59811f146da945b,0.6117
70e5632cb4e64b128fb44a897571245c,2f0401170d104b47b0a8f087f69dee88,0.5131
70e5632cb4e64b128fb44a897571245c,e6afe89ff7bc491193141c057083d8a8,0.4542
70e5632cb4e64b128fb44a897571245c,0433768f874042a5b2d2e37ad9deae13,0.4149
70e5632cb4e64b128fb44a897571245c,f92d16d3a970487094292439c3e00923,0.3280
aa61f461ceef43859129c5b33e8bd9a5,b675be39e8ff421aa59811f146da945b,0.6496
aa61f461ceef43859129c5b33e8bd9a5,a35d7304347a4f81b1ccfb086956921c,0.5300
aa61f461ceef43859129c5b33e8bd9a5,f92d16d3a970487094292439c3e00923,0.5006
aa61f461ceef43859129c5b33e8bd9a5,e6afe89ff7bc491193141c057083d8a8,0.3277
4095895ca5d6432d8c9ca23b6431250c,1ad0cf33e96243888d5f970195a75586,0.7712
04d06c5defde4dbf85a0c11fdd459eb8,,
eef8e982ee854ffa9e9c5af62e17c155,18ab15fbf00f42f7a410ec75f7592bea,0.4425
eef8e982ee854ffa9e9c5af62e17c155,da88fa5efc674368b593444ca950dff9,0.3356
5a7d3f99251048e2ac81d5ea8c49c767,1d70bc69b2f84bef9aa5fb0d9917e38d,0.4438
5a7d3f99251048e2ac81d5ea8c49c767,db69f22fe72246ea85d33991961a649a,0.3330
eca00c36492249e08f99875a5e115d84,1d70bc69b2f84bef9aa5fb0d9917e38d,0.4456
eca00c36492249e08f99875a5e115d84,db69f22fe72246ea85d33991961a649a,0.3337
92e3b7a540a547d8ba02bddf82f83380,eeb3b60f34af40de850e065b475d8180,0.4384
92e3b7a540a547d8ba02bddf82f83380,5d5baf5ce88b4b529e28ab9c7c114148,0.3258
d5bfa4fffcc249fe89deb2d4410919b6,eeb3b60f34af40de850e065b475d8180,0.4405
d5bfa4fffcc249fe89deb2d4410919b6,5d5baf5ce88b4b529e28ab9c7c114148,0.3205
578d9258cbf8456ba7d9f83130e02184,88353d1136d24836816b073de62e5f50,0.8529
578d9258cbf8456ba7d9f83130e02184,4a7fa5a1bafe4b6995e2920444ac07c4,0.4712
578d9258cbf8456ba7d9f83130e02184,b4dadb3ea3a04cc3932094471debce13,0.3997
281e458eef7b4d77b67d424744237fbc,4a7fa5a1bafe4b6995e2920444ac07c4,0.4650
281e458eef7b4d77b67d424744237fbc,b4dadb3ea3a04cc3932094471debce13,0.4201
7f6fdd98bfc5410fb6c4afa8786e0b48,452d645d5bf4485185e996dcec9523e5,0.6076
7f6fdd98bfc5410fb6c4afa8786e0b48,06a5f0cec6ce4170a02dad0ad4c55b1c,0.4735
7f6fdd98bfc5410fb6c4afa8786e0b48,655a618282cd4fa39a26f0967c033f4b,0.4444
7f6fdd98bfc5410fb6c4afa8786e0b48,60e87368fe334a92b57088b03cccbfc1,0.4285
cb84a0b8bd52401daa4762d7975d4fc7,655a618282cd4fa39a26f0967c033f4b,0.6261
cb84a0b8bd52401daa4762d7975d4fc7,452d645d5bf4485185e996dcec9523e5,0.4856
cb84a0b8bd52401daa4762d7975d4fc7,60e87368fe334a92b57088b03cccbfc1,0.4148
05021100f4bb4885a338db368a83cc95,452d645d5bf4485185e996dcec9523e5,0.6173
05021100f4bb4885a338db368a83cc95,06a5f0cec6ce4170a02dad0ad4c55b1c,0.4883
05021100f4bb4885a338db368a83cc95,655a618282cd4fa39a26f0967c033f4b,0.4560
05021100f4bb4885a338db368a83cc95,60e87368fe334a92b57088b03cccbfc1,0.4114
05021100f4bb4885a338db368a83cc95,1419b2c686f44896a0ae2a43e93b5402,0.3218
f7ad8b57414846b993e2ca44f3962ff1,452d645d5bf4485185e996dcec9523e5,0.4753
f7ad8b57414846b993e2ca44f3962ff1,655a618282cd4fa39a26f0967c033f4b,0.3751
750cd38aa39e4281ad616eddc8f5a983,c235728f290a44d6a5fc2e14111ae02e,0.5985
750cd38aa39e4281ad616eddc8f5a983,ad054da7e1704a53931a341173f0605f,0.5008
750cd38aa39e4281ad616eddc8f5a983,0e8487b2e6a2439b9e6623a1e2e5e19d,0.3805
c81df43d512e4bcb85b00b5f6763f6cc,48c31b1e2ce94de8968fab433813fa91,0.6432
c81df43d512e4bcb85b00b5f6763f6cc,f1eecad10a61421eb16b1be7435d9c19,0.4438
c81df43d512e4bcb85b00b5f6763f6cc,ad054da7e1704a53931a341173f0605f,0.3512
a282371ee5c74dd98f0cada75271b7a7,48c31b1e2ce94de8968fab433813fa91,0.9698
a282371ee5c74dd98f0cada75271b7a7,c235728f290a44d6a5fc2e14111ae02e,0.6524
a282371ee5c74dd98f0cada75271b7a7,ad054da7e1704a53931a341173f0605f,0.5192
0dedf21ad5ea4607b710bc0cccbcc7b9,48c31b1e2ce94de8968fab433813fa91,0.6297
0dedf21ad5ea4607b710bc0cccbcc7b9,f1eecad10a61421eb16b1be7435d9c19,0.4339
0dedf21ad5ea4607b710bc0cccbcc7b9,ad054da7e1704a53931a341173f0605f,0.3326
aebc45203e45452db8eee17826ef2c46,8228c9eb29a542ba98c8b9b854eadaa4,0.5312
3e10372aff9641bb88682abca29e907e,e22e1ad3c1fc4493bcb7c9b923566ff7,0.5621
9dce4a0759174753b62b3cb51b8fb679,b0236c76ae244fd8aacbea7da10e55ca,0.4134
5596e047713c4a59b1e70561fa034e37,d2a03ea4b2d3439ca3dc6fe056ab0f04,0.4140
5596e047713c4a59b1e70561fa034e37,7f5b658239034d35b7f4cf1c63cb388c,0.3844
5596e047713c4a59b1e70561fa034e37,898eabaaa1a047e18aecbb1c5a8decbf,0.3785
6c348ea51c8b4750b956383a3b9a84c5,b0236c76ae244fd8aacbea7da10e55ca,0.4106
c56449c78d8549cd9d227e4693e51c7e,d2a03ea4b2d3439ca3dc6fe056ab0f04,0.4217
c56449c78d8549cd9d227e4693e51c7e,898eabaaa1a047e18aecbb1c5a8decbf,0.3709
c56449c78d8549cd9d227e4693e51c7e,7f5b658239034d35b7f4cf1c63cb388c,0.3630
8a4a2cf4736e43f8b21f72daeffc76ee,73f684f538ea452cbb4fbecc2e8126a4,0.4873
f6bdc5e4c3894a41897ace2fe9061a90,29fb30a75c57451a85f310aa6423a662,0.4912
bf133adcf34f4470ae9ab34f8bcac84b,73f684f538ea452cbb4fbecc2e8126a4,0.4939
198ce01eda8e4bc0b31c457e65ddc39b,29fb30a75c57451a85f310aa6423a662,0.4883
442c28225ce642b182163c39ab4c776b,b85d652ba8d244f8ab9e941966094f28,0.4605
442c28225ce642b182163c39ab4c776b,59e4dcf2794943b18fb902a6eb475ff8,0.3388
bc44523c44214d88ac687d8e05a28a8a,31f80e4c87164e2893375ec7e73b372e,0.7764
bc44523c44214d88ac687d8e05a28a8a,b85d652ba8d244f8ab9e941966094f28,0.4492
bc44523c44214d88ac687d8e05a28a8a,59e4dcf2794943b18fb902a6eb475ff8,0.3279
e41cc56f88244ce7a26e583bd54f506f,31f80e4c87164e2893375ec7e73b372e,0.4349
e41cc56f88244ce7a26e583bd54f506f,52f20bd7eb50430c95f0916727880a1b,0.3348
b6cd550fbc9a48008039483d12ad44eb,31f80e4c87164e2893375ec7e73b372e,0.4477
d425f86b0d264c76a6ff6edbbb718fd8,,
a0ef1a7a1e304bfe91a8c12abf972c6c,0b57f893483647c3aed811775a4c4c04,0.3339
a0ef1a7a1e304bfe91a8c12abf972c6c,ba8d0208e32e42969bd4349cf24f6ed1,0.3298
d8ec79e0dcba49fcaa2e32c4a56d98fe,7f23e27e5652406784fdc2dea3918125,0.7402
d8ec79e0dcba49fcaa2e32c4a56d98fe,b69c17a10a55494d8caa56c33e8f4a56,0.3422
d8ec79e0dcba49fcaa2e32c4a56d98fe,ee7c00877ae64dac87123a3d75251530,0.3391
88e851f978154b16a0a01f8df5255703,7f23e27e5652406784fdc2dea3918125,0.3301
3ad82a6c3cc7421199dabde4d1c630d1,,
957fd0aaa98b49cd8b0aeeeff8fe554a,7f23e27e5652406784fdc2dea3918125,0.8031
957fd0aaa98b49cd8b0aeeeff8fe554a,ee7c00877ae64dac87123a3d75251530,0.3913
957fd0aaa98b49cd8b0aeeeff8fe554a,b69c17a10a55494d8caa56c33e8f4a56,0.3874
957fd0aaa98b49cd8b0aeeeff8fe554a,1393dac7d34b4c34b1a8091a5bea3663,0.3274
3ae64cd8d99e463d84ad390f0770863a,57430214baf045cb92fa3b3b70a4ca3f,0.4233
83caabc655aa413fa28ce75908fc82c3,57430214baf045cb92fa3b3b70a4ca3f,0.4494
b2a8b82d886042029e4d7b75f606d3f7,8dfbb6a204a0441492c35baca6190969,0.4381
5ed3368f73bb44e6b4ad520a68661e92,8dfbb6a204a0441492c35baca6190969,0.4298
55b8c9724a3a454c9e37de654b24d293,,
515bbdb925064e5080053f5a3bfa72c2,,
bd68648028064b068d1c788b7b8b35cf,,
191675e5da5649c9ad0e649fba7469fd,,
917a01f6ae4049189b017ae05f4e8282,c3a741d302d94ee294bb6e4090fd2da9,0.4751
8099552462944c5483e6c7e77019cd09,c3a741d302d94ee294bb6e4090fd2da9,0.4592
a9a932d9787f4b1c9d13926b41d68e8e,c3a741d302d94ee294bb6e4090fd2da9,0.3973
69a7253a5317474a980b4e9538e2df59,1232f20e710b448e8c0538b9e84dab1c,0.3323
54e1f0b191a74c1fbe587bd189dbefde,cae139b6e4914ce7b0ef1e68b8b857eb,0.3287
eab46b3eacfd4c65a5d3acea93bcd635,1232f20e710b448e8c0538b9e84dab1c,0.3422
77ba7373423f4871aa84b0e9e90558da,cae139b6e4914ce7b0ef1e68b8b857eb,0.3405
ada711f5328244f298daf7e98150c7b2,,
b59f7290ee4240fba85223d721d2aefe,,
d8235671d5bc44ea9bb7b027f4c3bb3e,71c1a8479b194efca65b44fb7f327afb,0.6972
518f59c8010c4dd48362de2cb03f5167,71c1a8479b194efca65b44fb7f327afb,0.6937
c313a0d413ec48a6a2cbd1df9d98d820,77ce0587a12b46bab8814225ba86753e,0.7639
83661848dd63461885371664f7c4bc51,77ce0587a12b46bab8814225ba86753e,0.7612
0b47b27e631a492c8956eba727078681,3e59b61eb70146308db2308b988b54cf,0.6200
0b47b27e631a492c8956eba727078681,a4af9472683c4df0a86f9400c99c2b61,0.4114
0b47b27e631a492c8956eba727078681,98fbdf945d0c4206a48a4f7260e56017,0.3993
0b47b27e631a492c8956eba727078681,14f4db886cca4104877ac7d1d7a64133,0.3326
d0e0af0e83ea4c3b855152177e8295c4,98fbdf945d0c4206a48a4f7260e56017,0.6265
d0e0af0e83ea4c3b855152177e8295c4,3e59b61eb70146308db2308b988b54cf,0.4017
3c7adf3c0f6a48ddae27f1be8bf94c98,a4af9472683c4df0a86f9400c99c2b61,0.6454
3c7adf3c0f6a48ddae27f1be8bf94c98,3e59b61eb70146308db2308b988b54cf,0.4218
9ece5d7b95974244a7560e0a5516708d,3e59b61eb70146308db2308b988b54cf,0.8853
9ece5d7b95974244a7560e0a5516708d,98fbdf945d0c4206a48a4f7260e56017,0.4006
9ece5d7b95974244a7560e0a5516708d,a4af9472683c4df0a86f9400c99c2b61,0.3890
9ece5d7b95974244a7560e0a5516708d,14f4db886cca4104877ac7d1d7a64133,0.3420
6b69e25d73f148c98af914e308e2396e,a4af9472683c4df0a86f9400c99c2b61,0.3939
6b69e25d73f148c98af914e308e2396e,98fbdf945d0c4206a48a4f7260e56017,0.3803
6b69e25d73f148c98af914e308e2396e,14f4db886cca4104877ac7d1d7a64133,0.3624
f443d2b48e9f48748ed811a3ffbfeeb0,7584980704ae4617bb27ca162cc9c5db,0.4547
f443d2b48e9f48748ed811a3ffbfeeb0,be8953cc364d46cebbcc2c2da2c348ab,0.3307
ca49f30627f348ebb9db4ee0577e1d96,4e22dc65beb7450b9260cf27e50919e4,0.7973
ca49f30627f348ebb9db4ee0577e1d96,0cdb0f32850f4585a16de4886462bbe0,0.4792
ca49f30627f348ebb9db4ee0577e1d96,f335a944a27a4504a82ecf70c2d4a5e4,0.3238
3edc2638f7bf459c90061b70e170d78e,4e22dc65beb7450b9260cf27e50919e4,0.7883
3edc2638f7bf459c90061b70e170d78e,0cdb0f32850f4585a16de4886462bbe0,0.4238
3edc2638f7bf459c90061b70e170d78e,f335a944a27a4504a82ecf70c2d4a5e4,0.3392
4241e3037cc4416b9760a32dc49b4d49,7584980704ae4617bb27ca162cc9c5db,0.4459
4241e3037cc4416b9760a32dc49b4d49,be8953cc364d46cebbcc2c2da2c348ab,0.3270
2c1eb27749b548ee9cc13137105c60f9,e4ee90d625d44a6d9adc138390eef0f8,0.5857
2c1eb27749b548ee9cc13137105c60f9,7d6cdff8c9ac434196df803628fe9f62,0.4817
2c1eb27749b548ee9cc13137105c60f9,dcfb738ebbc24f09bb680fe3a52b702e,0.4524
879584d5b62041dfb4cfbb779df86357,21019944fc2c4838a682a6dcdc62c4ef,0.6026
879584d5b62041dfb4cfbb779df86357,7d6cdff8c9ac434196df803628fe9f62,0.3904
879584d5b62041dfb4cfbb779df86357,dcfb738ebbc24f09bb680fe3a52b702e,0.3671
879584d5b62041dfb4cfbb779df86357,200f7fc78e4c403982f61b2894e50bad,0.3609
879584d5b62041dfb4cfbb779df86357,e22e1ad3c1fc4493bcb7c9b923566ff7,0.3237
f21b02728ff6484fb3fd4a60399ab492,21019944fc2c4838a682a6dcdc62c4ef,0.6125
f21b02728ff6484fb3fd4a60399ab492,7d6cdff8c9ac434196df803628fe9f62,0.3881
f21b02728ff6484fb3fd4a60399ab492,200f7fc78e4c403982f61b2894e50bad,0.3717
f21b02728ff6484fb3fd4a60399ab492,dcfb738ebbc24f09bb680fe3a52b702e,0.3611
f21b02728ff6484fb3fd4a60399ab492,e22e1ad3c1fc4493bcb7c9b923566ff7,0.3342
d8456095cf7c4204a086a014ff2b3c14,e4ee90d625d44a6d9adc138390eef0f8,0.6336
d8456095cf7c4204a086a014ff2b3c14,7d6cdff8c9ac434196df803628fe9f62,0.4751
d8456095cf7c4204a086a014ff2b3c14,dcfb738ebbc24f09bb680fe3a52b702e,0.4562
3afae5ea042d4934b4e05a905c277730,b2b22c673e554db39c8acdbe42687a6d,0.7631
3afae5ea042d4934b4e05a905c277730,116f6c1f0cb54312986a0a729508a33e,0.7204
3afae5ea042d4934b4e05a905c277730,8ad1f345ca194b29bde0a924f27b2de5,0.5330
3afae5ea042d4934b4e05a905c277730,fe363cef357840fcb35f320fe7c27e4e,0.3355
c6c6941b06454b858b384b129f635fbc,1c6bbf19b3d2498696a5baf0f53a0f18,0.7570
c6c6941b06454b858b384b129f635fbc,116f6c1f0cb54312986a0a729508a33e,0.6226
c6c6941b06454b858b384b129f635fbc,5e199f7727cc4910ad88dbd81ed1ec82,0.3313
c6c6941b06454b858b384b129f635fbc,8ad1f345ca194b29bde0a924f27b2de5,0.3306
164fd25714484642abf3c2f90a97a8fd,9fd4c00672d84215b3e21812aef3d6ac,0.3873
3a05b06fa1e34ff0b02748d47a9e6360,9fd4c00672d84215b3e21812aef3d6ac,0.4033
fec5eb7ba2734bf5b777bcb611801028,8a9dc60359ba49cd8ac170cfb4ac3913,0.3739
fec5eb7ba2734bf5b777bcb611801028,632cc2bc04034dd4848855fe6497262d,0.3683
99fd1c486f1c4dd591b9a6ecf8054b7d,8a9dc60359ba49cd8ac170cfb4ac3913,0.3750
99fd1c486f1c4dd591b9a6ecf8054b7d,632cc2bc04034dd4848855fe6497262d,0.3688
7613bd74728b4f0baa8eabd0aefbbc29,eafb3480db704d7baa8216ce857d1610,0.7341
4c482b037ef04720a8eafa90efddd03b,4a6eba10a02a4ecdbb6b25e8651c3789,0.7507
596b8b0b72be41a4842150fbbd18aead,eafb3480db704d7baa8216ce857d1610,0.7335
99794362eca94e2ea0536c628c097ee0,4a6eba10a02a4ecdbb6b25e8651c3789,0.7571
517088ff1e71421dbc66c81c7b6d809f,69ac8397e9624bfd8aee237b9f9ea3b5,0.9284
67f17a1293154579a1047cd28690d783,,
376dc48ffd5842e2b10ce1bfe8617a4f,,
e35f15c7fc564b948c6220d15268f95e,69ac8397e9624bfd8aee237b9f9ea3b5,0.9363
7abc7ac040a84ae88177c3b2d510f7cb,,
dc2a5233c1944b37aa2c99dd76665f2b,1e376f9d0945477983c8d851e4b2cf5e,0.9677
27b25d301ad34851bd0df3863116a2e2,a9d82bb43410405ca21b44a5e82e22b6,0.3277
2b2bf37314104deaa800c3918ab54a33,1e376f9d0945477983c8d851e4b2cf5e,0.9784
3c56e94879364377bc8bfb7a92d403d1,,
c28224ae63704fec95ee0278f177f277,f91157bb8fca4a8e98db33591a76be9a,0.3783
c28224ae63704fec95ee0278f177f277,039a871609044cb1b69f70c082fe61d8,0.3511
c28224ae63704fec95ee0278f177f277,5455e62f52ae4e03b2a5d0e8b9899506,0.3434
c28224ae63704fec95ee0278f177f277,9500823cb050427696343b1ea5cf8881,0.3285
2c9175bf65da4030a4bca9f358cadeda,521004289ebc4e6da6623381d40a5e73,0.7714
2c9175bf65da4030a4bca9f358cadeda,f91157bb8fca4a8e98db33591a76be9a,0.3758
7567134f761c40a79567b3f82e31afdc,521004289ebc4e6da6623381d40a5e73,0.3687
e95e0daa9ae049ef8be95f459b99d584,89e983dca0a34b768e17b3871b9cea1e,0.4093
e95e0daa9ae049ef8be95f459b99d584,bc13c2b0221744a29a8ddf56aa015df9,0.4066
e95e0daa9ae049ef8be95f459b99d584,643fbbdd6b764ba9904a4ee67a86b9fd,0.3655
e95e0daa9ae049ef8be95f459b99d584,99a52c93a3304ec18dab9206f98f2a8b,0.3249
ee401564da1d407da8d97b804a5e3801,643fbbdd6b764ba9904a4ee67a86b9fd,0.7449
ee401564da1d407da8d97b804a5e3801,99a52c93a3304ec18dab9206f98f2a8b,0.4947
ee401564da1d407da8d97b804a5e3801,8d595c7da42545c88052e7b213b6c97c,0.3462
77ae6ded0d014f36b371a4153e05c4ed,b40d3c588ad647ff85e397a6bc5f9d8b,0.5561
77ae6ded0d014f36b371a4153e05c4ed,99a52c93a3304ec18dab9206f98f2a8b,0.5303
77ae6ded0d014f36b371a4153e05c4ed,643fbbdd6b764ba9904a4ee67a86b9fd,0.4813
77ae6ded0d014f36b371a4153e05c4ed,e511c40ca6324803b5021e47b4e777f8,0.4358
77ae6ded0d014f36b371a4153e05c4ed,bc13c2b0221744a29a8ddf56aa015df9,0.3850
8a0213e5d51f4d7ca596a5163d04d39b,b40d3c588ad647ff85e397a6bc5f9d8b,0.7348
8a0213e5d51f4d7ca596a5163d04d39b,89e983dca0a34b768e17b3871b9cea1e,0.5629
8a0213e5d51f4d7ca596a5163d04d39b,99a52c93a3304ec18dab9206f98f2a8b,0.4182
8a0213e5d51f4d7ca596a5163d04d39b,e511c40ca6324803b5021e47b4e777f8,0.3335
8a0213e5d51f4d7ca596a5163d04d39b,643fbbdd6b764ba9904a4ee67a86b9fd,0.3281
49a13f972cb940089aa409b42b7e809b,cb32ec9a538a4c0f8462771946ced93b,0.5397
42b7373e7edb4471bd9cd69dd50bf4f1,1a0ac2d40cb04ca993e1db68d787728a,0.5822
42b7373e7edb4471bd9cd69dd50bf4f1,b425f33c33ad4be89a12da266d131a86,0.4312
42b7373e7edb4471bd9cd69dd50bf4f1,cb32ec9a538a4c0f8462771946ced93b,0.4100
f387e105e9d440d199759eb2c79cd950,,
a75e0b290bc941358cd4614e21662749,,
1c30f9917de0495eae26b471a7cd3e1d,cb32ec9a538a4c0f8462771946ced93b,0.5473
57378df73d2a41698b22cc6d6171529d,2acbd3ec289a47f7b4108896ec632585,0.9005
57378df73d2a41698b22cc6d6171529d,33e2a95109e647cbb4ba2687631b169a,0.4513
ffa661c1e7484ac0bd1e6fd235a3cc5a,33e2a95109e647cbb4ba2687631b169a,0.4699
b2ab0d60cd84497b8493bee493f63c20,33e2a95109e647cbb4ba2687631b169a,0.7005
b2ab0d60cd84497b8493bee493f63c20,2acbd3ec289a47f7b4108896ec632585,0.6036
5cbead44a3a74909ab9ed4a89f1396cf,33e2a95109e647cbb4ba2687631b169a,0.8153
5cbead44a3a74909ab9ed4a89f1396cf,2acbd3ec289a47f7b4108896ec632585,0.5995
6e174164c10a49d8a9483ad16d690598,d43b0f94627d45918e18a80be127aa2c,0.3514
1472ac5adbe24310ac0366a2fb7c4d66,d43b0f94627d45918e18a80be127aa2c,0.4966
7df15c3f44244335b645553730704ae6,d43b0f94627d45918e18a80be127aa2c,0.4675
d59e2a4a21bf40f9b53614eb370d1190,d43b0f94627d45918e18a80be127aa2c,0.3385
fa321eafe1a9412bb6e66f46ae22286c,,
503f076c7e794fbca12dae4217643acd,,
14780abe56584d7c820310e42bef8f59,,
695fbae9ce4c4e3ab42253368b1e2cd2,6400e3f6a14c492ba399bd414faca075,0.3268
c4b6717a4b55444ca077700ab06da875,66690895454847fea5a000202fbfab2e,0.5439
7ddb092a89824767b09eb8b07c8f67de,66690895454847fea5a000202fbfab2e,0.5533
21ff6809479e4f828a199d580c8ae4c1,afaf2edba0ee4d58860a5a04e4aabc5c,0.5911
21ff6809479e4f828a199d580c8ae4c1,ad054da7e1704a53931a341173f0605f,0.4140
21ff6809479e4f828a199d580c8ae4c1,48c31b1e2ce94de8968fab433813fa91,0.3282
763242c8ded1422bb4439fdb575fad5b,afaf2edba0ee4d58860a5a04e4aabc5c,0.5787
763242c8ded1422bb4439fdb575fad5b,ad054da7e1704a53931a341173f0605f,0.4295
763242c8ded1422bb4439fdb575fad5b,48c31b1e2ce94de8968fab433813fa91,0.3348
5ebf97c863dd4c5ba61093f8ab07b15d,45f4192f485a49d9a75219ae4d0c41ee,0.6425
5ebf97c863dd4c5ba61093f8ab07b15d,3675c688960a4f3b9f82c4ccf4049e93,0.3661
a9852ab7f40a4b35a004ce7c87aac7b6,,
c8186591409f4404a006b302ed5475d5,45f4192f485a49d9a75219ae4d0c41ee,0.9567
afc4b3ff44d1405c9ff0cce76fa55d76,0228b1e9e3244da3a727930123ba7bda,0.6445
afc4b3ff44d1405c9ff0cce76fa55d76,9aca522158f443fd8a9caaec38ae5e2c,0.5161
afc4b3ff44d1405c9ff0cce76fa55d76,f2077addeb6142c8b3540916522126e8,0.4768
afc4b3ff44d1405c9ff0cce76fa55d76,7c061d36393540b49e20d98086bdb5bd,0.4118
afc4b3ff44d1405c9ff0cce76fa55d76,3b7d56c26da14b3a9b1cd52b5b35891b,0.4019
afc4b3ff44d1405c9ff0cce76fa55d76,1004b33e3126472faa78e1929ed974e6,0.3903
9df4eaf2213048e4a4ca33f6d817a0b9,c5486d5e31084ee797da0ebdacb17abc,0.4804
9df4eaf2213048e4a4ca33f6d817a0b9,0228b1e9e3244da3a727930123ba7bda,0.4764
9df4eaf2213048e4a4ca33f6d817a0b9,9aca522158f443fd8a9caaec38ae5e2c,0.4635
9df4eaf2213048e4a4ca33f6d817a0b9,3b7d56c26da14b3a9b1cd52b5b35891b,0.4198
9df4eaf2213048e4a4ca33f6d817a0b9,9ffa09a2b9bd4da0ba98fc537ca68802,0.3965
9df4eaf2213048e4a4ca33f6d817a0b9,1004b33e3126472faa78e1929ed974e6,0.3779
9df4eaf2213048e4a4ca33f6d817a0b9,7c061d36393540b49e20d98086bdb5bd,0.3555
452c8a69dd45447f976e014338d22ae6,3b7d56c26da14b3a9b1cd52b5b35891b,0.6818
452c8a69dd45447f976e014338d22ae6,9ffa09a2b9bd4da0ba98fc537ca68802,0.6301
452c8a69dd45447f976e014338d22ae6,9aca522158f443fd8a9caaec38ae5e2c,0.5516
452c8a69dd45447f976e014338d22ae6,0228b1e9e3244da3a727930123ba7bda,0.4995
452c8a69dd45447f976e014338d22ae6,022e16490d1949b9ab2fc1de5a837031,0.4873
452c8a69dd45447f976e014338d22ae6,7c061d36393540b49e20d98086bdb5bd,0.4184
452c8a69dd45447f976e014338d22ae6,c5486d5e31084ee797da0ebdacb17abc,0.4069
452c8a69dd45447f976e014338d22ae6,f2077addeb6142c8b3540916522126e8,0.3729
9294a2cddd6848f5a6bc5c647fe94884,0228b1e9e3244da3a727930123ba7bda,0.6330
9294a2cddd6848f5a6bc5c647fe94884,9aca522158f443fd8a9caaec38ae5e2c,0.5235
9294a2cddd6848f5a6bc5c647fe94884,f2077addeb6142c8b3540916522126e8,0.4938
9294a2cddd6848f5a6bc5c647fe94884,3b7d56c26da14b3a9b1cd52b5b35891b,0.4166
9294a2cddd6848f5a6bc5c647fe94884,7c061d36393540b49e20d98086bdb5bd,0.4102
9294a2cddd6848f5a6bc5c647fe94884,1004b33e3126472faa78e1929ed974e6,0.3891
9294a2cddd6848f5a6bc5c647fe94884,9ffa09a2b9bd4da0ba98fc537ca68802,0.3271
eb3962be88734097b437832a832493f0,42805d29975b400ea7c570fc45ec4938,0.9826
4bb99b51272145f8be128cac5ef3bd65,ff51ca928cd54f4da620c27983e221f8,0.4590
122365aed2d049328715f0fe1b2a43c7,ff51ca928cd54f4da620c27983e221f8,0.4627
742fec743e3e477785a08d04b8407e64,,
c3484b8c5f024854997f34baca483cc0,7ee65b33f8f44852ada468b1fed83433,0.5786
c3484b8c5f024854997f34baca483cc0,af532d6e5090478ba520505d5f9107f2,0.3479
94e0d776b3794ee083e5c1681cef5d04,2d812431f07c44f1a56a71c72766e0b0,0.5755
94e0d776b3794ee083e5c1681cef5d04,af532d6e5090478ba520505d5f9107f2,0.3344
2b23b46313714edcb7da655ef18a0f03,2d812431f07c44f1a56a71c72766e0b0,0.5736
2b23b46313714edcb7da655ef18a0f03,af532d6e5090478ba520505d5f9107f2,0.3320
fad34cbf60564c3f99677bb2e06263aa,af532d6e5090478ba520505d5f9107f2,0.7990
fad34cbf60564c3f99677bb2e06263aa,60e87368fe334a92b57088b03cccbfc1,0.3881
fad34cbf60564c3f99677bb2e06263aa,2d812431f07c44f1a56a71c72766e0b0,0.3625
a47ae5564b854b989994a2a30367bfa4,7ee65b33f8f44852ada468b1fed83433,0.5718
a47ae5564b854b989994a2a30367bfa4,af532d6e5090478ba520505d5f9107f2,0.3623
9113b0a4a5e24e61aed364a478da29ee,c1def54262224e23acf67a9870725ce5,0.6812
9113b0a4a5e24e61aed364a478da29ee,fc430b7683934be2aba12468b2409bb8,0.5001
9113b0a4a5e24e61aed364a478da29ee,999a2b52a5004ee984e587d5a1327b23,0.4994
9113b0a4a5e24e61aed364a478da29ee,e8927e14983a43da900edd926dd35adb,0.4835
9113b0a4a5e24e61aed364a478da29ee,27a0d24dc1e14b28a1f18456b29c93f1,0.3774
9113b0a4a5e24e61aed364a478da29ee,35d06fce2df446569702778e2250bd82,0.3280
b3926611d2914adc8eadda384ed96905,bcfa4a4177d44d8b8cda17b7a23196b0,0.6812
b3926611d2914adc8eadda384ed96905,fc430b7683934be2aba12468b2409bb8,0.4860
b3926611d2914adc8eadda384ed96905,e8927e14983a43da900edd926dd35adb,0.4633
b3926611d2914adc8eadda384ed96905,999a2b52a5004ee984e587d5a1327b23,0.3764
b3926611d2914adc8eadda384ed96905,27a0d24dc1e14b28a1f18456b29c93f1,0.3757
b3926611d2914adc8eadda384ed96905,f4474150010f4021a4620372062f3797,0.3549
b3926611d2914adc8eadda384ed96905,dbb3fe11ad004895b302a84e7c066fcc,0.3421
b3926611d2914adc8eadda384ed96905,7960902edf4b47d686f704441aa56b0e,0.3286
b3926611d2914adc8eadda384ed96905,35d06fce2df446569702778e2250bd82,0.3215
36bc21f1eb9547d6acfa87c18625fa92,bcfa4a4177d44d8b8cda17b7a23196b0,0.6119
36bc21f1eb9547d6acfa87c18625fa92,fc430b7683934be2aba12468b2409bb8,0.4109
36bc21f1eb9547d6acfa87c18625fa92,e8927e14983a43da900edd926dd35adb,0.3985
36bc21f1eb9547d6acfa87c18625fa92,f4474150010f4021a4620372062f3797,0.3373
36bc21f1eb9547d6acfa87c18625fa92,999a2b52a5004ee984e587d5a1327b23,0.3342
36bc21f1eb9547d6acfa87c18625fa92,dbb3fe11ad004895b302a84e7c066fcc,0.3253
36bc21f1eb9547d6acfa87c18625fa92,27a0d24dc1e14b28a1f18456b29c93f1,0.3241
d7becb5524844f73b41af1cad1c1266b,999a2b52a5004ee984e587d5a1327b23,0.8140
d7becb5524844f73b41af1cad1c1266b,bcfa4a4177d44d8b8cda17b7a23196b0,0.5242
d7becb5524844f73b41af1cad1c1266b,c1def54262224e23acf67a9870725ce5,0.4145
d7becb5524844f73b41af1cad1c1266b,e8927e14983a43da900edd926dd35adb,0.3639
d7becb5524844f73b41af1cad1c1266b,fc430b7683934be2aba12468b2409bb8,0.3528
f63ec53d7383437a8d1e627efc4dd528,c1def54262224e23acf67a9870725ce5,0.6674
f63ec53d7383437a8d1e627efc4dd528,999a2b52a5004ee984e587d5a1327b23,0.5121
f63ec53d7383437a8d1e627efc4dd528,fc430b7683934be2aba12468b2409bb8,0.4899
f63ec53d7383437a8d1e627efc4dd528,e8927e14983a43da900edd926dd35adb,0.4800
f63ec53d7383437a8d1e627efc4dd528,27a0d24dc1e14b28a1f18456b29c93f1,0.3660
f63ec53d7383437a8d1e627efc4dd528,dbb3fe11ad004895b302a84e7c066fcc,0.3244
d76ebc807f524eb9b8f95b523304233d,d75a52d716984f318f976bbfc7bee787,0.4933
d76ebc807f524eb9b8f95b523304233d,35d06fce2df446569702778e2250bd82,0.4146
d76ebc807f524eb9b8f95b523304233d,f4474150010f4021a4620372062f3797,0.3925
d76ebc807f524eb9b8f95b523304233d,0accd1d0138b49049d437c0d9b1c23c3,0.3460
d76ebc807f524eb9b8f95b523304233d,215f3d275db14601a0383885cbaad86e,0.3328
4b8fd90e4d5b4a25a57652c495f66ea5,d75a52d716984f318f976bbfc7bee787,0.5391
4b8fd90e4d5b4a25a57652c495f66ea5,35d06fce2df446569702778e2250bd82,0.4399
4b8fd90e4d5b4a25a57652c495f66ea5,f4474150010f4021a4620372062f3797,0.4171
4b8fd90e4d5b4a25a57652c495f66ea5,0accd1d0138b49049d437c0d9b1c23c3,0.3678
4b8fd90e4d5b4a25a57652c495f66ea5,215f3d275db14601a0383885cbaad86e,0.3549
9ac82778d5784882b02b03d8ce1a4ccd,f4474150010f4021a4620372062f3797,0.5715
9ac82778d5784882b02b03d8ce1a4ccd,b3a022950e444682a113cec5a0537f6a,0.4669
9ac82778d5784882b02b03d8ce1a4ccd,7960902edf4b47d686f704441aa56b0e,0.4448
9ac82778d5784882b02b03d8ce1a4ccd,57bcda73abab44ee930b20cdaee9d24b,0.4150
9ac82778d5784882b02b03d8ce1a4ccd,d75a52d716984f318f976bbfc7bee787,0.4044
9ac82778d5784882b02b03d8ce1a4ccd,c1def54262224e23acf67a9870725ce5,0.3786
9ac82778d5784882b02b03d8ce1a4ccd,bcfa4a4177d44d8b8cda17b7a23196b0,0.3755
9ac82778d5784882b02b03d8ce1a4ccd,04537eabb0434eb2804d1220770b85a0,0.3732
9ac82778d5784882b02b03d8ce1a4ccd,97959d02a64f4a3fbbebe7cbece6c012,0.3295
dee104ae444246ed89dd5a5796eafc0a,f59a3ee5387440d981754b6595e8664c,0.5076
dee104ae444246ed89dd5a5796eafc0a,da9cfbdf124143b78bec89393dd5287a,0.4720
9a46e2903ca8474d9cb7fe93138049f0,f59a3ee5387440d981754b6595e8664c,0.5141
9a46e2903ca8474d9cb7fe93138049f0,da9cfbdf124143b78bec89393dd5287a,0.4747
bfa6dfb11d9e42a98ba3ab87d5f2ffde,f59a3ee5387440d981754b6595e8664c,0.4667
bfa6dfb11d9e42a98ba3ab87d5f2ffde,2c65a898314b42e6b2e93dca66fd15c2,0.4405
f677dfcf19e14a9faf24ac74066422c2,2c65a898314b42e6b2e93dca66fd15c2,0.4908
f677dfcf19e14a9faf24ac74066422c2,da9cfbdf124143b78bec89393dd5287a,0.4595
98fd88d0387e44c3950f7955f062c9b3,d37bf09399d848df9a4d880fb097239c,0.5246
98fd88d0387e44c3950f7955f062c9b3,93bf0b86be094f68a9d308ca5ecfb4e3,0.4269
98fd88d0387e44c3950f7955f062c9b3,07d869789eda4445a1ecfe59c331db0d,0.3898
90efefd1c3314a96b5fd32625e55a054,93bf0b86be094f68a9d308ca5ecfb4e3,0.7492
90efefd1c3314a96b5fd32625e55a054,bb6ecabbce1b43d997d00d7acdc95193,0.4449
90efefd1c3314a96b5fd32625e55a054,b2b22c673e554db39c8acdbe42687a6d,0.3258
b77b731d5a9c49139163f1fac2ed9337,93bf0b86be094f68a9d308ca5ecfb4e3,0.7590
b77b731d5a9c49139163f1fac2ed9337,bb6ecabbce1b43d997d00d7acdc95193,0.4375
b77b731d5a9c49139163f1fac2ed9337,b2b22c673e554db39c8acdbe42687a6d,0.3291
dd2de907048e4d1ba625a54ad1bdeb2a,761a3a01495143f0a86beac4234cae3a,0.5371
dd2de907048e4d1ba625a54ad1bdeb2a,07d869789eda4445a1ecfe59c331db0d,0.4291
dd2de907048e4d1ba625a54ad1bdeb2a,93bf0b86be094f68a9d308ca5ecfb4e3,0.4012
b1494352b57f4f809fbe88f8f61ab247,75bf181ea5dc490e95d364a5f5c7af1d,0.4527
b1494352b57f4f809fbe88f8f61ab247,ae3f42d57b3046a3821026173286a43e,0.3927
b1494352b57f4f809fbe88f8f61ab247,4c67cc7a1ccc496db132636e3f4853a2,0.3580
841cacf592b14de2bc2fcdaf4995bf39,11e9586d6c7a443c8025278f8ef53b6d,0.3893
841cacf592b14de2bc2fcdaf4995bf39,ae3f42d57b3046a3821026173286a43e,0.3630
a8c2576da05048d4a652ebaf10c7447d,fa190e42ce5a47c99bcaa76138dbc615,0.4131
4237232296b841bd8be058dc85f807b1,fa190e42ce5a47c99bcaa76138dbc615,0.4060
9c8f594f127f4823807c7d9a40bc9547,,
e0f3fe21dd04463787d620860a0ec6a2,7d5c0a2bfccf4255a43d9bd0f84a6d3a,0.8682
26a7ded48a0842c28c407984aa614b3c,feb980ae999948ce9be0266b4ddc048d,0.4927
26a7ded48a0842c28c407984aa614b3c,7d3d751215194e649a03457226f599d7,0.3325
95e4e242519d4cd9bae0a574d881fa7b,c713a0ca69864ee7b240069c98dc44dc,0.8520
95e4e242519d4cd9bae0a574d881fa7b,feb980ae999948ce9be0266b4ddc048d,0.4859
e8f5726fe08646aab29fd6e5202c7f88,c713a0ca69864ee7b240069c98dc44dc,0.4709
e8f5726fe08646aab29fd6e5202c7f88,7d3d751215194e649a03457226f599d7,0.4211
3bdf75b6d56a422d94e6c850d515d3ed,c713a0ca69864ee7b240069c98dc44dc,0.4503
3bdf75b6d56a422d94e6c850d515d3ed,7d3d751215194e649a03457226f599d7,0.3929
978f36c5e8ff41efa416cf6c32ca240e,feb980ae999948ce9be0266b4ddc048d,0.3752
978f36c5e8ff41efa416cf6c32ca240e,c713a0ca69864ee7b240069c98dc44dc,0.3268
57add4e71a1c4202a2502065ae10d002,,
9509c30cb1bb48f38a20b700b4c3456e,2b039224b54142d185a406b31fe01de2,0.4903
9509c30cb1bb48f38a20b700b4c3456e,342aaa81ed004635bbf9cbc2592cd7b6,0.3685
e25640a5cf1a493db2690655a45676b5,2b039224b54142d185a406b31fe01de2,0.4853
e25640a5cf1a493db2690655a45676b5,342aaa81ed004635bbf9cbc2592cd7b6,0.3598
e25640a5cf1a493db2690655a45676b5,5760084aabef4d8095b2d21902151f64,0.3221
ce1ecc1569cc4b1ca2945be90a005698,3e6a4b65a1004c08a6f3f570cf986c2f,0.5765
0c0b0a3a57ae44f5bc9a682ecdf7017e,44f41e6e6faa4facb0bb9a72205229f8,0.4774
0c0b0a3a57ae44f5bc9a682ecdf7017e,5f65785004054c67a618fe43b6a30f56,0.4764
0c0b0a3a57ae44f5bc9a682ecdf7017e,039a871609044cb1b69f70c082fe61d8,0.3560
0c0b0a3a57ae44f5bc9a682ecdf7017e,be70e49b76c24527b4fddfb6b78b6d8d,0.3364
0c0b0a3a57ae44f5bc9a682ecdf7017e,5455e62f52ae4e03b2a5d0e8b9899506,0.3225
60de40f69385488097a1e4a1e36a7e71,ad3d372fbf054ea1ad06cfcb7490df4b,0.9211
60de40f69385488097a1e4a1e36a7e71,44f41e6e6faa4facb0bb9a72205229f8,0.4485
60de40f69385488097a1e4a1e36a7e71,5f65785004054c67a618fe43b6a30f56,0.4463
60de40f69385488097a1e4a1e36a7e71,039a871609044cb1b69f70c082fe61d8,0.3766
60de40f69385488097a1e4a1e36a7e71,5455e62f52ae4e03b2a5d0e8b9899506,0.3481
60de40f69385488097a1e4a1e36a7e71,be70e49b76c24527b4fddfb6b78b6d8d,0.3448
e24bf2d26b3447a0a1cabfedc1474778,ad3d372fbf054ea1ad06cfcb7490df4b,0.4292
e24bf2d26b3447a0a1cabfedc1474778,5f65785004054c67a618fe43b6a30f56,0.3977
26e498e22958483fb8c239d967efe176,5f65785004054c67a618fe43b6a30f56,0.7524
26e498e22958483fb8c239d967efe176,ad3d372fbf054ea1ad06cfcb7490df4b,0.4501
26e498e22958483fb8c239d967efe176,44f41e6e6faa4facb0bb9a72205229f8,0.4329
0e5860811dd84425862213b698237538,44f41e6e6faa4facb0bb9a72205229f8,0.8098
0e5860811dd84425862213b698237538,5f65785004054c67a618fe43b6a30f56,0.4512
0e5860811dd84425862213b698237538,ad3d372fbf054ea1ad06cfcb7490df4b,0.4243
